"timestamp.ms","fi","psi"
71509.312,NA,NA
71945,NA,NA
72319.859,NA,NA
72736.016,NA,NA
73130.406,NA,NA
73497.734,NA,NA
73882.359,NA,NA
74269.219,NA,NA
74663.609,NA,NA
75030.938,NA,NA
75415.562,NA,NA
75802.422,NA,NA
76187.047,NA,NA
76573.906,NA,NA
76919.469,NA,NA
77345.391,NA,NA
77730.016,NA,NA
78126.641,NA,NA
78511.266,NA,NA
78907.891,NA,NA
79292.516,NA,NA
79698.906,NA,NA
80083.531,NA,NA
80470.391,NA,NA
80855.016,NA,NA
81241.875,NA,NA
81636.266,NA,NA
82003.594,NA,NA
82388.219,NA,NA
82784.844,NA,NA
83179.234,NA,NA
83566.094,NA,NA
83950.719,NA,NA
84337.578,NA,NA
84731.969,NA,NA
85118.828,NA,NA
85522.984,NA,NA
85919.609,NA,NA
86304.234,NA,NA
86691.094,NA,NA
87065.953,NA,NA
87482.109,NA,NA
87876.5,NA,NA
88243.828,NA,NA
88647.984,NA,NA
89025.078,NA,NA
89419.469,NA,NA
89806.328,NA,NA
90190.953,NA,NA
90587.578,NA,NA
90972.203,NA,NA
91359.062,NA,NA
91743.688,NA,NA
92140.312,NA,NA
92534.703,NA,NA
92941.094,NA,NA
93315.953,NA,NA
93712.578,NA,NA
94097.203,NA,NA
94493.828,NA,NA
94878.453,NA,NA
95275.078,NA,NA
95659.703,NA,NA
96066.094,NA,NA
96450.719,NA,NA
96857.109,NA,NA
97231.969,NA,NA
97648.125,NA,NA
98042.516,NA,NA
98439.141,NA,NA
98833.531,NA,NA
99239.922,NA,NA
99614.781,NA,NA
100021.172,NA,NA
100415.562,NA,NA
100812.188,NA,NA
101206.578,NA,NA
101603.203,NA,NA
101987.828,NA,NA
102374.688,NA,NA
102759.312,NA,NA
103165.703,NA,NA
103550.328,NA,NA
103927.422,NA,NA
104312.047,NA,NA
104718.438,NA,NA
105103.062,NA,NA
105499.688,NA,NA
105894.078,NA,NA
106280.938,NA,NA
106665.562,NA,NA
107071.953,NA,NA
107466.344,NA,NA
107853.203,NA,NA
108247.594,NA,NA
108644.219,NA,NA
109019.078,NA,NA
109415.703,NA,NA
109800.328,NA,NA
110206.719,NA,NA
110581.578,NA,NA
110968.438,NA,NA
111362.828,NA,NA
111759.453,NA,NA
112144.078,NA,NA
112521.172,NA,NA
112915.562,NA,NA
113312.188,NA,NA
113696.812,NA,NA
114083.672,NA,NA
114478.062,NA,NA
114855.156,NA,NA
115249.547,NA,NA
115636.406,NA,NA
116021.031,NA,NA
116407.891,NA,NA
116792.516,NA,NA
117198.906,NA,NA
117573.766,NA,NA
117970.391,NA,NA
118335.484,NA,NA
118741.875,NA,NA
119136.266,NA,NA
119532.891,NA,NA
119907.75,NA,NA
120294.609,NA,NA
120689,NA,NA
121075.859,NA,NA
121460.484,NA,NA
121847.344,NA,NA
122241.734,NA,NA
122618.828,NA,NA
123022.984,NA,NA
123409.844,NA,NA
123794.469,NA,NA
124171.562,NA,NA
124565.953,NA,NA
124943.047,NA,NA
125327.672,NA,NA
125714.531,NA,NA
126089.391,NA,NA
126466.484,NA,NA
126831.578,NA,NA
127247.734,NA,NA
127632.359,NA,NA
128019.219,NA,NA
128403.844,NA,NA
128800.469,NA,NA
129175.328,NA,NA
129562.188,NA,NA
129946.812,NA,NA
130343.438,NA,NA
130718.297,NA,NA
131114.922,NA,NA
131499.547,NA,NA
131896.172,NA,NA
132280.797,NA,NA
132667.656,NA,NA
133022.984,NA,NA
133439.141,NA,NA
133823.766,NA,NA
134220.391,NA,NA
134595.25,1029.028,0.775
134982.109,1036.583,0.977
135366.734,NA,NA
135753.594,1044.012,0.16
136138.219,1051.348,0.327
136534.844,1058.681,0.494
136919.469,1066.433,0.728
137296.562,1073.82,0.904
137690.953,NA,NA
138087.578,1081.117,0.065
138462.438,1088.835,0.294
138849.297,1096.381,0.494
139204.625,1103.836,0.681
139620.781,1111.409,0.886
139995.641,NA,NA
140382.5,1119.003,0.095
140767.125,1126.447,0.28
141163.75,1133.894,0.465
141538.609,1141.461,0.669
141935.234,1149.101,0.885
142310.094,NA,NA
142696.953,1156.71,0.096
143071.812,1164.217,0.291
143478.203,1171.474,0.446
143843.297,1179.101,0.66
144239.922,1186.738,0.875
144614.781,NA,NA
144991.875,1194.513,0.113
145356.969,1202.082,0.317
145773.125,1209.169,0.445
146147.984,1216.897,0.675
146515.312,1224.297,0.853
146919.469,1231.352,0.976
147325.859,NA,NA
147690.953,1239.188,0.223
148068.047,1246.571,0.398
148462.438,1253.8,0.549
148859.062,1261.396,0.757
149233.922,1268.882,0.949
149620.781,NA,NA
149985.875,1276.545,0.169
150402.031,1283.63,0.296
150776.891,1290.89,0.452
151173.516,1298.553,0.671
151528.844,1305.74,0.815
151945,1313.143,0.993
152329.625,NA,NA
152726.25,1320.353,0.141
153101.109,1327.608,0.295
153517.266,1334.698,0.424
153882.359,1342.027,0.59
154298.516,1349.455,0.772
154653.844,1356.564,0.904
155070,NA,NA
155454.625,1364.058,0.097
155841.484,1371.447,0.273
156206.578,1378.823,0.446
156612.969,1386.042,0.595
156997.594,1393.828,0.835
157355.156,NA,NA
157749.547,1401.221,0.011
158146.172,1408.47,0.165
158521.031,1415.839,0.338
158917.656,1423.028,0.482
159302.281,1430.561,0.681
159679.375,1437.961,0.859
160073.766,NA,NA
160441.094,1445.598,0.074
160845.25,1452.695,0.204
161232.109,1460.124,0.386
161597.203,1467.551,0.568
162003.594,1475.039,0.76
162368.688,1482.109,0.885
162784.844,NA,NA
163169.469,1489.611,0.079
163556.328,1497.026,0.259
163940.953,1504.346,0.424
164327.812,1511.708,0.596
164712.438,1519.162,0.782
165099.297,NA,NA
165454.625,1527.137,0.051
165870.781,1534.163,0.17
166255.406,1541.513,0.339
166652.031,1549.081,0.544
166997.594,1556.573,0.736
167413.75,1564.335,0.972
167769.078,NA,NA
168175.469,1571.426,0.1
168560.094,1578.741,0.264
168956.719,1586.116,0.438
169331.578,1593.735,0.651
169708.672,1601.416,0.873
170083.531,NA,NA
170470.391,1608.858,0.058
170845.25,1616.451,0.266
171261.406,1623.53,0.393
171616.734,1631.135,0.603
172013.359,1638.386,0.757
172407.75,1645.795,0.936
172794.609,NA,NA
173179.234,1653.318,0.134
173566.094,1660.703,0.309
173960.484,1667.952,0.463
174337.578,1675.349,0.64
174731.969,1682.554,0.787
175128.594,NA,NA
175503.453,1690.386,0.033
175909.844,1697.492,0.164
176294.469,1704.863,0.337
176681.328,1712.497,0.552
177046.422,1719.91,0.732
177452.812,1727.14,0.883
177847.203,NA,NA
178243.828,1734.456,0.047
178628.453,1741.994,0.247
179015.312,1749.439,0.432
179380.406,1756.931,0.624
179777.031,1764.326,0.801
180171.422,1771.85,0.999
180548.516,NA,NA
180933.141,1779.339,0.191
181310.234,1786.763,0.372
181704.625,1794.06,0.533
182091.484,1801.559,0.727
182466.344,1809.117,0.93
182843.438,NA,NA
183208.531,1816.88,0.165
183634.453,1823.759,0.26
184009.312,1831.111,0.43
184405.938,1838.334,0.58
184790.562,1845.853,0.777
185177.422,1853.441,0.984
185562.047,NA,NA
185939.141,1860.92,0.175
186333.531,1868.193,0.332
186720.391,1875.687,0.525
187085.484,1882.884,0.67
187511.406,1890.642,0.905
187866.734,NA,NA
188263.359,1897.978,0.073
188657.75,1905.235,0.228
189054.375,1912.5,0.384
189439,1919.863,0.556
189825.859,1927.261,0.733
190220.25,1934.51,0.887
190616.875,NA,NA
190991.734,1942.142,0.102
191407.891,1949.18,0.222
191782.75,1956.625,0.407
192179.375,1964.116,0.599
192544.469,1971.341,0.749
192960.625,1978.726,0.924
193345.25,NA,NA
193751.641,1985.811,0.052
194126.5,1993.339,0.25
194532.891,2000.407,0.375
194917.516,2007.718,0.538
195314.141,2015.281,0.742
195679.234,2022.588,0.905
196085.625,NA,NA
196460.484,2030.141,0.107
196876.641,2037.226,0.235
197231.969,2044.757,0.433
197638.359,2052.033,0.591
198013.219,2059.083,0.713
198439.141,2066.464,0.888
198814,NA,NA
199210.625,2073.735,0.045
199595.25,2081.176,0.229
199982.109,2088.58,0.408
200356.969,2095.665,0.535
200782.891,2103.009,0.704
201147.984,2110.137,0.839
201564.141,NA,NA
201948.766,2117.611,0.028
202345.391,2124.9,0.188
202720.25,2132.231,0.355
203136.406,2139.348,0.488
203521.031,2146.678,0.654
203927.422,2154.323,0.871
204302.281,NA,NA
204698.906,2161.585,0.027
205073.766,2169.249,0.247
205480.156,2176.332,0.374
205864.781,2183.624,0.535
206271.172,2191.121,0.728
206646.031,2198.711,0.936
207032.891,NA,NA
207417.516,2206.187,0.126
207843.438,2213.065,0.22
208218.297,2220.51,0.405
208614.922,2227.932,0.586
208980.016,2235.12,0.73
209396.172,2242.578,0.917
209780.797,NA,NA
210187.188,2249.679,0.048
210562.047,2257.132,0.234
210968.438,2264.336,0.38
211343.297,2271.412,0.506
211769.219,2278.544,0.642
212153.844,2285.899,0.812
212540.703,NA,NA
212915.562,2293.626,0.042
213331.719,2300.467,0.131
213716.344,2307.777,0.294
214112.969,2315.006,0.445
214497.594,2322.212,0.592
214903.984,2329.549,0.759
215288.609,2336.755,0.906
215685.234,NA,NA
216069.859,2344.313,0.109
216456.719,2351.7,0.285
216851.109,2358.938,0.437
217237.969,2366.557,0.649
217603.062,2373.847,0.809
218009.453,2381.17,0.975
218403.844,NA,NA
218790.703,2388.688,0.172
219165.562,2396.207,0.368
219552.422,2403.568,0.54
219937.047,2410.788,0.689
220343.438,2418.384,0.898
220718.297,NA,NA
221114.922,2425.672,0.058
221480.016,2433.401,0.288
221886.406,2440.45,0.41
222271.031,2447.786,0.577
222667.656,2454.909,0.711
223062.047,2462.158,0.865
223458.672,NA,NA
223814,2470.127,0.133
224220.391,2477.162,0.253
224614.781,2484.285,0.386
225011.406,2491.614,0.553
225396.031,2498.907,0.713
225792.656,2506.178,0.871
226187.047,NA,NA
226583.672,2513.345,0.011
226968.297,2520.867,0.209
227364.922,2528.105,0.36
227739.781,2535.267,0.5
228155.938,2542.391,0.634
228550.328,2549.659,0.791
228946.953,NA,NA
229331.578,2557.309,0.008
229737.969,2564.439,0.143
230122.594,2571.837,0.321
230538.75,2579.01,0.462
230913.609,2586.4,0.638
231320,2593.704,0.801
231704.625,2601.076,0.974
232101.25,NA,NA
232476.109,2608.743,0.194
232892.266,2615.761,0.311
233276.891,2623.1,0.479
233673.516,2630.57,0.668
234048.375,2637.606,0.788
234474.297,NA,NA
234849.156,2645.298,0.012
235245.781,2652.534,0.164
235649.938,2659.674,0.3
236046.562,2666.855,0.443
236431.188,2674.216,0.615
236827.812,2681.685,0.803
237202.672,2688.708,0.921
237618.828,NA,NA
238013.219,2696.006,0.083
238409.844,2703.222,0.231
238804.234,2710.425,0.378
239200.859,2717.834,0.557
239585.484,2725.049,0.705
239991.875,2732.54,0.897
240376.5,NA,NA
240782.891,2739.63,0.026
241177.281,2747.047,0.206
241573.906,2754.3,0.36
241948.766,2761.646,0.53
242355.156,2768.932,0.689
242749.547,2776.199,0.846
243146.172,NA,NA
243530.797,2783.711,0.041
243946.953,2790.854,0.178
244312.047,2798.367,0.374
244718.438,2805.434,0.499
245122.594,2812.709,0.657
245519.219,2820.105,0.834
245913.609,2827.271,0.974
246310.234,NA,NA
246704.625,2834.673,0.152
247101.25,2842.003,0.319
247495.641,2849.172,0.46
247892.266,2856.529,0.631
248286.656,2863.756,0.781
248693.047,2871.313,0.984
249087.438,NA,NA
249493.828,2878.624,0.147
249868.688,2886.028,0.326
250275.078,2893.418,0.502
250669.469,2900.991,0.707
251056.328,2908.707,0.935
251440.953,NA,NA
251857.109,2915.903,0.08
252241.734,2923.585,0.303
252618.828,2931.107,0.5
253022.984,2938.438,0.667
253429.375,2945.878,0.851
253823.766,NA,NA
254220.391,2953.346,0.04
254614.781,2960.992,0.256
254982.109,2968.598,0.467
255405.797,2975.753,0.606
255812.188,2983.59,0.853
256187.047,NA,NA
256603.203,2990.826,0.005
256987.828,2998.698,0.258
257384.453,3006.23,0.456
257769.078,3013.555,0.622
258185.234,3021.523,0.89
258560.094,NA,NA
258976.25,3028.883,0.062
259360.875,3036.605,0.291
259767.266,3044.242,0.506
260142.125,3051.842,0.716
260558.281,3059.808,0.984
260933.141,NA,NA
261359.062,3067.157,0.153
261724.156,3075.012,0.403
262140.312,3082.644,0.618
262524.938,3090.178,0.817
262931.328,NA,NA
263325.719,3098.102,0.078
263712.578,3105.828,0.308
264116.734,3113.207,0.482
264513.359,3120.963,0.717
264897.984,3128.716,0.951
265294.609,NA,NA
265679.234,3136.526,0.194
266075.859,3144.08,0.396
266470.25,3151.769,0.62
266866.875,3159.53,0.855
267261.266,NA,NA
267677.422,3166.852,0.02
268052.281,3174.968,0.312
268448.906,3182.675,0.538
268833.531,3190.382,0.765
269230.156,NA,NA
269624.547,3198.392,0.04
270011.406,3206.222,0.286
270415.562,3213.756,0.485
270812.188,3221.627,0.738
271196.812,3229.53,0.996
271583.672,NA,NA
271987.828,3237.174,0.212
272384.453,3245.007,0.459
272749.547,3252.913,0.717
273155.938,3260.745,0.964
273550.328,NA,NA
273956.719,3268.355,0.175
274341.344,3276.132,0.413
274737.969,3284.229,0.701
275103.062,3291.767,0.901
275519.219,NA,NA
275874.547,3300.232,0.248
276271.172,3307.705,0.438
276675.328,3315.31,0.648
277062.188,3323.351,0.928
277446.812,NA,NA
277833.672,3331.119,0.164
278237.828,3338.513,0.341
278634.453,3346.208,0.566
279019.078,3353.895,0.789
279415.703,NA,NA
279790.562,3361.828,0.052
280187.188,3369.544,0.28
280562.047,3377.131,0.487
280968.438,3384.757,0.701
281353.062,3392.467,0.928
281739.922,NA,NA
282134.312,3400.27,0.17
282521.172,3408.048,0.408
282886.266,3415.468,0.589
283312.188,3423.277,0.831
283696.812,NA,NA
284093.438,3430.663,0.007
284458.531,3438.734,0.292
284864.922,3446.242,0.486
285249.547,3454.058,0.73
285626.641,3461.891,0.977
286021.031,NA,NA
286407.891,3469.786,0.234
286802.281,3477.455,0.454
287189.141,3485.295,0.702
287583.531,3493.185,0.958
287970.391,NA,NA
288345.25,3501.469,0.276
288702.812,3509.387,0.536
289126.5,3516.823,0.72
289523.125,NA,NA
289888.219,3525.212,0.055
290284.844,3533.015,0.297
290669.469,3540.75,0.528
291075.859,3548.934,0.83
291440.953,NA,NA
291847.344,3556.679,0.063
292222.203,3564.837,0.361
292609.062,3572.564,0.591
293013.219,3580.277,0.819
293409.844,NA,NA
293774.938,3588.511,0.129
294200.859,3595.947,0.313
294556.188,3603.911,0.58
294962.578,3611.994,0.867
295327.672,NA,NA
295743.828,3619.277,0.026
296099.156,3627.509,0.336
296515.312,3634.946,0.52
296880.406,3642.679,0.75
297277.031,3650.52,0.998
297661.656,NA,NA
298068.047,3658.006,0.19
298452.672,3665.494,0.382
298849.297,3673.282,0.621
299214.391,3680.806,0.818
299620.781,NA,NA
299985.875,3688.707,0.076
300421.562,3695.794,0.204
300767.125,3703.646,0.454
301163.75,3710.892,0.607
301567.906,3718.259,0.779
301964.531,NA,NA
302349.156,3725.975,0.007
302736.016,3733.486,0.203
303120.641,3740.954,0.391
303507.5,3748.315,0.563
303911.656,3755.712,0.74
304298.516,3763.283,0.945
304683.141,NA,NA
305079.766,3770.787,0.139
305454.625,3778.323,0.339
305851.25,3785.846,0.536
306216.344,3793.285,0.72
306622.734,3800.864,0.926
307007.359,NA,NA
307413.75,3808.039,0.068
307798.375,3815.488,0.254
308195,3823.016,0.452
308560.094,3830.384,0.625
308976.25,3838.108,0.854
309341.344,NA,NA
309747.734,3845.314,0.001
310132.359,3852.919,0.211
310519.219,3860.246,0.377
310913.609,3867.603,0.548
311310.234,3875.11,0.743
311694.859,3882.656,0.944
312081.719,NA,NA
312476.109,3890.102,0.129
312862.969,3897.503,0.307
313257.359,3904.824,0.472
313644.219,3912.28,0.659
314038.609,3919.532,0.813
314435.234,NA,NA
314829.625,3927.143,0.024
315216.484,3934.508,0.196
315601.109,3941.72,0.344
316007.5,3949.151,0.527
316382.359,3956.451,0.689
316798.516,3963.871,0.87
317183.141,NA,NA
317560.234,3971.557,0.093
317944.859,3979.241,0.316
318321.953,3986.424,0.459
318735.875,3993.609,0.603
319122.734,4001.424,0.846
319497.594,NA,NA
319903.984,4008.672,0
320288.609,4016.086,0.18
320685.234,4023.506,0.361
321050.328,4030.854,0.53
321466.484,4038.272,0.711
321841.344,4045.145,0.805
322277.031,NA,NA
322632.359,4052.959,0.048
323058.281,4059.914,0.155
323423.375,4067.441,0.353
323829.766,4074.598,0.492
324224.156,4081.758,0.632
324630.547,4089.305,0.833
325015.172,4096.303,0.947
325421.562,NA,NA
325786.656,4104.058,0.181
326202.812,4111.069,0.297
326587.438,4118.484,0.477
326974.297,4125.811,0.643
327368.688,4133.064,0.798
327765.312,NA,NA
328149.938,4140.666,0.008
328556.328,4147.877,0.155
328940.953,4155.309,0.338
329337.578,4162.71,0.516
329722.203,4170.047,0.684
330128.594,4177.928,0.938
330493.688,NA,NA
330909.844,4185.04,0.07
331284.703,4192.625,0.277
331700.859,4199.767,0.414
332085.484,4207.245,0.604
332482.109,4215.254,0.878
332866.734,4222.113,0.97
333273.125,NA,NA
333657.75,4229.725,0.182
334044.609,4237.22,0.375
334419.469,4244.436,0.523
334825.859,4252.108,0.744
335210.484,4259.46,0.914
335616.875,NA,NA
335991.734,4267.174,0.142
336388.359,4274.536,0.313
336782.75,4281.939,0.492
337169.609,4289.615,0.713
337554.234,4297.161,0.914
337941.094,NA,NA
338315.953,4304.933,0.151
338712.578,4312.284,0.321
339087.438,4319.711,0.503
339493.828,4327.209,0.697
339868.688,4334.617,0.876
340265.312,NA,NA
340640.172,4342.23,0.087
341027.031,4349.791,0.291
341401.891,4357.196,0.469
341798.516,4364.807,0.681
342163.609,4371.893,0.808
342579.766,NA,NA
342954.625,4379.633,0.04
343361.016,4386.669,0.16
343735.875,4394.098,0.342
344142.266,4401.41,0.506
344517.125,4408.741,0.673
344913.75,4416.399,0.892
345288.609,NA,NA
345695,4423.395,0.005
346079.625,4431.002,0.216
346456.719,4438.582,0.422
346831.578,4445.821,0.574
347237.969,4453.538,0.803
347603.062,4460.838,0.964
348009.453,NA,NA
348384.312,4468.391,0.167
348790.703,4475.624,0.318
349185.094,4482.817,0.462
349571.953,4490.419,0.672
349946.812,4497.508,0.801
350362.969,NA,NA
350747.594,4505.117,0.012
351124.688,4512.774,0.23
351499.547,4520.106,0.397
351905.938,4527.336,0.548
352300.328,4534.751,0.728
352687.188,4542.144,0.905
353081.578,NA,NA
353458.672,4549.903,0.14
353833.531,4557.327,0.321
354239.922,4564.692,0.493
354605.016,4571.922,0.644
355021.172,4579.57,0.861
355396.031,NA,NA
355782.891,4587.021,0.047
356167.516,4594.402,0.222
356593.438,4601.349,0.327
356958.531,4608.877,0.526
357355.156,4616.431,0.728
357730.016,4623.466,0.848
358155.938,NA,NA
358521.031,4631.246,0.086
358917.656,4638.532,0.245
359302.281,4645.899,0.418
359698.906,4653.448,0.619
360064,4660.91,0.807
360460.625,NA,NA
360835.484,4668.591,0.029
361261.406,4675.61,0.146
361606.969,4683.463,0.396
362013.359,4690.881,0.577
362378.453,4698.263,0.752
362784.844,4706.044,0.99
363159.703,NA,NA
363556.328,4713.396,0.16
363940.953,4720.736,0.328
364327.812,4728.378,0.545
364702.672,4735.789,0.724
365109.062,4743.189,0.902
365493.688,NA,NA
365880.547,4750.749,0.105
366265.172,4758.351,0.315
366642.266,4765.969,0.527
367017.125,4773.311,0.696
367423.516,4780.865,0.898
367808.141,NA,NA
368204.766,4788.163,0.06
368560.094,4796.002,0.307
368986.016,4803.085,0.435
369360.875,4810.854,0.671
369737.969,4818.72,0.923
370112.828,NA,NA
370509.453,4826.082,0.095
370884.312,4833.792,0.322
371280.938,4841.125,0.489
371665.562,4848.477,0.659
372062.188,4856.138,0.878
372446.812,NA,NA
372823.906,4863.697,0.081
373218.297,4871.007,0.245
373605.156,4878.572,0.449
373970.25,4886.02,0.634
374376.641,4893.711,0.858
374741.734,4900.72,0.974
375157.891,NA,NA
375513.219,4908.571,0.223
375919.609,4915.876,0.386
376265.172,4923.34,0.574
376681.328,4930.705,0.746
377056.188,4938.296,0.954
377433.281,NA,NA
377798.375,4946.033,0.186
378195,4953.141,0.317
378589.391,4960.476,0.484
378966.484,4967.858,0.659
379351.109,4975.53,0.88
379728.203,NA,NA
380103.062,4983.166,0.095
380489.922,4990.56,0.272
380864.781,4997.924,0.444
381261.406,5005.137,0.592
381655.797,5012.509,0.766
382042.656,5020.24,0.996
382417.516,NA,NA
382814.141,5027.544,0.158
383179.234,5035.244,0.384
383556.328,5042.638,0.561
383940.953,5049.732,0.69
384357.109,5057.603,0.942
384712.438,NA,NA
385118.828,5064.84,0.094
385513.219,5072.016,0.236
385909.844,5079.25,0.388
386294.469,5086.654,0.566
386691.094,5094.283,0.78
387056.188,5101.307,0.898
387472.344,NA,NA
387837.438,5109.268,0.165
388234.062,5116.54,0.323
388608.922,5123.936,0.5
389015.312,5131.338,0.678
389399.938,5138.95,0.889
389786.797,NA,NA
390171.422,5146.572,0.102
390558.281,5154.185,0.314
390933.141,5161.558,0.487
391349.297,5169.076,0.684
391714.391,5176.34,0.84
392130.547,NA,NA
392505.406,5184.101,0.075
392911.797,5191.336,0.227
393296.422,5198.853,0.423
393673.516,5206.439,0.63
394058.141,5213.748,0.794
394454.766,NA,NA
394829.625,5221.544,0.035
395245.781,5228.681,0.17
395610.875,5236.319,0.386
396007.5,5243.578,0.541
396401.891,5250.977,0.719
396788.75,NA,NA
397153.844,5259.029,0
397560.234,5266.217,0.145
397925.328,5273.752,0.344
398331.719,5281.266,0.54
398706.578,5288.51,0.692
399112.969,5296.596,0.979
399468.297,NA,NA
399884.453,5303.534,0.084
400249.547,5311.246,0.311
400665.703,5318.278,0.43
401040.562,5325.73,0.616
401437.188,5333.485,0.85
401812.047,NA,NA
402198.906,5340.97,0.042
402583.531,5348.428,0.229
402970.391,5355.769,0.397
403364.781,5363.21,0.581
403741.875,5370.701,0.774
404136.266,5377.886,0.917
404532.891,NA,NA
404888.219,5385.861,0.186
405294.609,5393.131,0.343
405659.703,5400.492,0.515
406075.859,5407.833,0.683
406450.719,5415.301,0.872
406837.578,NA,NA
407202.672,5423.105,0.114
407609.062,5430.397,0.275
407983.922,5437.693,0.436
408390.312,5445.123,0.618
408755.406,5452.302,0.761
409171.562,NA,NA
409526.891,5460.312,0.036
409923.516,5467.569,0.191
410298.375,5474.838,0.348
410714.531,5482.2,0.519
411069.859,5489.629,0.702
411476.25,5497.213,0.909
411841.344,NA,NA
412247.734,5504.336,0.042
412632.359,5511.814,0.232
413009.453,5519.099,0.392
413403.844,5526.252,0.53
413790.703,5533.621,0.703
414185.094,5540.649,0.822
414591.484,NA,NA
414956.578,5548.297,0.039
415353.203,5555.623,0.205
415728.062,5563.038,0.385
416114.922,5570.215,0.527
416519.078,5577.398,0.67
416915.703,5584.815,0.851
417300.328,5591.956,0.988
417696.953,NA,NA
418071.812,5599.462,0.182
418468.438,5606.797,0.349
418833.531,5614.154,0.52
419239.922,5621.609,0.707
419605.016,5628.754,0.844
420011.406,NA,NA
420405.797,5636.102,0.013
420792.656,5643.391,0.174
421157.75,5650.792,0.351
421573.906,5657.852,0.475
421948.766,5665.034,0.618
422355.156,5672.258,0.768
422749.547,5679.395,0.904
423146.172,NA,NA
423521.031,5686.963,0.108
423927.422,5693.984,0.226
424302.281,5701.2,0.374
424718.438,5708.463,0.53
425083.531,5715.811,0.7
425480.156,5723.218,0.878
425864.781,NA,NA
426261.406,5730.476,0.034
426606.969,5738.404,0.295
427013.359,5745.49,0.423
427388.219,5752.786,0.584
427784.844,5760.408,0.797
428149.938,5767.433,0.916
428556.328,NA,NA
428921.422,5775.045,0.127
429327.812,5782.193,0.265
429702.672,5789.432,0.417
430109.062,5796.543,0.548
430493.688,5803.789,0.702
430890.312,5811.688,0.959
431245.641,NA,NA
431661.797,5818.629,0.064
432026.891,5826.13,0.257
432423.516,5833.455,0.423
432788.609,5840.919,0.611
433185.234,5848.437,0.808
433560.094,5855.696,0.963
433956.719,NA,NA
434331.578,5863.407,0.19
434728.203,5870.671,0.346
435103.062,5877.933,0.502
435519.219,5885.498,0.706
435884.312,5892.916,0.887
436280.938,NA,NA
436675.328,5900.223,0.05
437071.953,5907.796,0.255
437437.047,5915.36,0.459
437833.672,5922.839,0.649
438208.531,5930.184,0.818
438614.922,NA,NA
438970.25,5938.337,0.116
439357.109,5945.679,0.284
439761.266,5952.901,0.434
440148.125,5960.547,0.651
440522.984,5968.439,0.907
440890.312,NA,NA
441274.938,5975.977,0.106
441652.031,5983.582,0.317
442056.188,5990.988,0.495
442433.281,5998.629,0.712
442808.141,6005.882,0.866
443214.531,NA,NA
443579.625,6013.787,0.124
443986.016,6021.051,0.28
444360.875,6028.53,0.47
444767.266,6036.121,0.679
445132.359,6043.151,0.797
445558.281,NA,NA
445913.609,6051.054,0.055
446320,6058.505,0.241
446685.094,6065.99,0.432
447101.25,6073.39,0.61
447466.344,6080.666,0.768
447882.5,NA,NA
448237.828,6088.666,0.041
448653.984,6095.729,0.165
449028.844,6103.225,0.358
449405.938,6110.778,0.561
449800.328,6117.986,0.708
450196.953,6125.508,0.905
450581.578,NA,NA
450987.969,6132.734,0.055
451353.062,6140.387,0.273
451759.453,6147.718,0.44
452124.547,6154.944,0.59
452540.703,6162.471,0.788
452915.562,6169.488,0.905
453331.719,NA,NA
453696.812,6177.271,0.143
454103.203,6184.432,0.283
454487.828,6191.776,0.452
454884.453,6199.169,0.628
455259.312,6206.4,0.779
455665.703,NA,NA
456040.562,6214.188,0.019
456437.188,6221.356,0.16
456812.047,6228.677,0.325
457218.438,6235.997,0.49
457593.297,6243.342,0.659
457999.688,6250.93,0.866
458364.781,6258.019,0.995
458771.172,NA,NA
459136.266,6265.821,0.236
459532.891,6273.085,0.392
459907.75,6280.227,0.529
460323.906,6287.661,0.712
460689,6294.911,0.866
461095.391,NA,NA
461470.25,6302.439,0.064
461886.406,6309.516,0.191
462251.5,6316.959,0.375
462657.891,6324.225,0.532
463022.984,6331.35,0.666
463439.141,6338.692,0.834
463823.766,6345.837,0.971
464220.391,NA,NA
464585.515,6353.529,0.196
464991.875,6360.53,0.31
465366.734,6367.679,0.448
465782.891,6374.869,0.592
466147.984,6382.01,0.728
466554.375,6389.509,0.922
466929.234,NA,NA
467335.625,6396.485,0.032
467720.25,6403.815,0.199
468136.406,6410.719,0.298
468511.266,6417.932,0.446
468907.891,6425.065,0.581
469302.281,6432.209,0.718
469689.141,6439.359,0.856
470093.297,6446.481,0.989
470480.156,NA,NA
470874.547,6453.764,0.149
471261.406,6461.035,0.306
471626.5,6468.374,0.474
472032.891,6475.44,0.598
472417.516,6482.347,0.698
472823.906,6489.747,0.875
473198.766,6496.734,0.987
473605.156,NA,NA
473980.016,6504.048,0.151
474396.172,6510.852,0.234
474771.031,6517.958,0.365
475187.188,6524.835,0.46
475571.812,6531.936,0.59
475958.672,6539.138,0.736
476353.062,6546.229,0.865
476749.688,NA,NA
477124.547,6553.565,0.032
477540.703,6560.402,0.12
477925.328,6567.596,0.265
478312.188,6574.807,0.413
478687.047,6581.88,0.539
479093.438,6589.245,0.711
479458.531,6596.471,0.861
479855.156,NA,NA
480230.016,6603.899,0.043
480646.172,6610.906,0.158
481011.266,6618.37,0.346
481417.656,6625.507,0.482
481772.984,6632.732,0.632
482189.141,6640.137,0.811
482564,6647.22,0.938
482960.625,NA,NA
483325.719,6654.912,0.162
483722.344,6662.149,0.314
484097.203,6669.286,0.45
484503.594,6676.504,0.599
484878.453,6683.74,0.75
485275.078,6691.258,0.947
485649.938,NA,NA
486056.328,6698.231,0.057
486421.422,6705.791,0.26
486827.812,6712.859,0.385
487202.672,6719.946,0.513
487618.828,6727.262,0.677
487983.922,6734.441,0.82
488390.312,NA,NA
488755.406,6742.176,0.051
489161.797,6749.116,0.155
489556.188,6756.069,0.262
489952.812,6763.243,0.403
490337.438,6770.557,0.568
490724.297,6777.761,0.714
491108.922,6784.897,0.85
491505.547,NA,NA
491880.406,6792.465,0.054
492277.031,6799.484,0.172
492661.656,6806.566,0.299
493068.047,6813.587,0.416
493442.906,6820.736,0.554
493849.297,6827.772,0.674
494243.688,6834.911,0.81
494630.547,NA,NA
495005.406,6842.493,0.017
495402.031,6849.532,0.137
495796.422,6856.54,0.252
496183.281,6863.915,0.426
496558.141,6871.014,0.556
496964.531,6878.372,0.727
497339.391,6885.215,0.816
497755.547,6892.651,1
498140.172,NA,NA
498536.797,6899.812,0.139
498911.656,6907.143,0.306
499318.047,6914.247,0.437
499702.672,6921.379,0.572
500109.062,6928.578,0.717
500503.453,6935.917,0.885
500890.312,NA,NA
501265.172,6943.566,0.103
501671.562,6950.635,0.228
502046.422,6957.998,0.4
502443.047,6965.406,0.579
502817.906,6972.646,0.731
503224.297,6979.648,0.845
503628.453,NA,NA
504015.312,6986.995,0.015
504399.938,6994.438,0.199
504796.562,7001.485,0.321
505181.188,7008.64,0.46
505587.578,7015.864,0.609
505972.203,7023.263,0.787
506349.297,7030.739,0.977
506733.922,NA,NA
507140.312,7038.005,0.133
507505.406,7045.535,0.332
507902.031,7052.75,0.48
508276.891,7060.106,0.651
508673.516,7067.799,0.875
509038.609,NA,NA
509445,7074.916,0.008
509829.625,7082.358,0.192
510216.484,7089.598,0.345
510601.109,7097.158,0.548
510987.969,7104.576,0.728
511362.828,7111.893,0.893
511759.453,NA,NA
512153.844,7119.285,0.069
512530.938,7126.806,0.266
512925.328,7133.976,0.408
513321.953,7141.404,0.59
513696.812,7148.841,0.773
514083.672,7156.213,0.947
514478.062,NA,NA
514855.156,7163.907,0.171
515239.781,7171.392,0.362
515626.641,7178.752,0.534
516011.266,7186.24,0.726
516398.125,7193.908,0.946
516782.75,NA,NA
517150.078,7201.542,0.161
517534.703,7208.925,0.336
517931.328,7216.41,0.527
518306.188,7223.797,0.703
518702.812,7231.138,0.871
519106.969,NA,NA
519493.828,7238.668,0.07
519868.688,7246.324,0.288
520265.312,7253.568,0.441
520649.938,7260.744,0.583
521056.328,7268.385,0.799
521431.188,7275.549,0.94
521837.578,NA,NA
522212.438,7283.195,0.156
522618.828,7290.392,0.302
522993.688,7297.952,0.505
523400.078,7305.217,0.661
523774.938,7312.689,0.851
524161.797,NA,NA
524536.656,7320.505,0.095
524952.812,7327.557,0.217
525317.906,7335.045,0.409
525734.062,7342.402,0.58
526089.391,7349.784,0.754
526495.781,7357.146,0.926
526880.406,NA,NA
527286.797,7364.268,0.06
527642.125,7372.184,0.32
528048.516,7379.342,0.459
528413.609,7386.614,0.616
528820,7394.06,0.801
529214.391,7401.41,0.971
529601.25,NA,NA
529985.875,7408.844,0.154
530382.5,7416.164,0.319
530747.594,7423.743,0.525
531144.219,7430.991,0.679
531538.609,7438.244,0.833
531925.469,NA,NA
532300.328,7446.064,0.078
532706.719,7453.153,0.206
533081.578,7460.59,0.39
533487.969,7467.724,0.525
533872.594,7475.134,0.704
534269.219,7482.535,0.882
534644.078,NA,NA
535040.703,7489.817,0.041
535435.094,7497.321,0.236
535812.188,7504.718,0.413
536196.812,7512.031,0.577
536583.672,7519.506,0.767
536978.062,7526.833,0.933
537374.688,NA,NA
537759.312,7534.33,0.126
538146.172,7541.781,0.312
538521.031,7549.414,0.527
538927.422,7556.673,0.682
539302.281,7564.017,0.851
539708.672,NA,NA
540073.766,7571.971,0.117
540470.391,7579.312,0.285
540855.016,7586.672,0.456
541251.641,7594.129,0.643
541636.266,7601.84,0.87
542003.594,NA,NA
542388.219,7609.552,0.098
542784.844,7616.928,0.272
543179.234,7624.294,0.444
543566.094,7631.82,0.642
543950.719,7639.457,0.857
544327.812,NA,NA
544722.203,7647.267,0.1
545109.062,7654.712,0.285
545483.922,7662.29,0.491
545870.781,7670.066,0.729
546245.641,7677.476,0.908
546632.5,NA,NA
547017.125,7685.1,0.122
547394.219,7692.794,0.346
547769.078,7700.354,0.549
548165.703,7707.731,0.724
548550.328,7715.545,0.967
548927.422,NA,NA
549321.812,7723.071,0.165
549698.906,7730.737,0.385
550083.531,7738.258,0.582
550460.625,7746.553,0.902
550825.719,NA,NA
551222.344,7753.69,0.038
551606.969,7761.334,0.255
551984.062,7769.202,0.507
552368.688,7776.626,0.688
552755.547,7784.357,0.919
553130.406,NA,NA
553527.031,7791.852,0.112
553911.656,7799.387,0.311
554308.281,7807.016,0.525
554673.375,7814.882,0.777
555060.234,NA,NA
555454.625,7822.655,0.014
555831.719,7830.16,0.209
556226.109,7837.843,0.431
556612.969,7845.5,0.65
556997.594,7853.07,0.855
557374.688,NA,NA
557759.312,7860.731,0.074
558146.172,7868.375,0.291
558530.797,7876.273,0.548
558898.125,7883.78,0.743
559292.516,7891.504,0.972
559669.609,NA,NA
560064,7899.23,0.202
560441.094,7906.743,0.397
560815.953,7914.396,0.615
561212.578,7922.167,0.852
561587.438,NA,NA
561964.531,7929.66,0.045
562378.453,7936.822,0.184
562755.547,7944.703,0.439
563130.406,7952.12,0.619
563527.031,7959.625,0.814
563911.656,NA,NA
564298.516,7967.191,0.018
564663.609,7975.146,0.284
565070,7982.226,0.411
565454.625,7989.703,0.601
565841.484,7997.513,0.844
566226.109,NA,NA
566603.203,8005.014,0.038
566997.594,8012.368,0.208
567374.688,8019.914,0.409
567759.312,8027.374,0.596
568146.172,8034.841,0.785
568530.797,8042.233,0.961
568927.422,NA,NA
569282.75,8050.127,0.217
569679.375,8057.341,0.366
570064,8064.669,0.532
570460.625,8072.043,0.706
570845.25,8079.604,0.909
571222.344,NA,NA
571616.734,8087.047,0.094
571993.828,8094.707,0.313
572368.688,8102.198,0.505
572755.547,8109.929,0.735
573120.641,8117.301,0.909
573517.266,NA,NA
573911.656,8124.729,0.091
574278.984,8132.419,0.315
574663.609,8139.694,0.472
575060.234,8147.072,0.647
575444.859,8154.609,0.846
575821.953,NA,NA
576216.344,8161.901,0.007
576603.203,8169.394,0.199
576968.297,8176.831,0.383
577374.688,8184.082,0.537
577749.547,8191.354,0.694
578146.172,8199.003,0.912
578521.031,NA,NA
578907.891,8206.261,0.067
579312.047,8213.357,0.196
579698.906,8220.515,0.336
580083.531,8227.897,0.51
580460.625,8235.505,0.721
580835.484,8242.582,0.848
581241.875,NA,NA
581616.734,8250.21,0.062
581993.828,8257.628,0.242
582378.453,8264.608,0.353
582784.844,8271.701,0.482
583179.234,8278.983,0.641
583556.328,8286.331,0.811
583950.719,NA,NA
584327.812,8293.871,0.011
584722.203,8301.14,0.167
585109.062,8308.428,0.327
585493.688,8315.742,0.491
585870.781,8323.139,0.669
586255.406,8330.687,0.87
586622.734,NA,NA
587026.891,8337.855,0.011
587403.984,8345.393,0.21
587798.375,8352.563,0.352
588175.469,8359.961,0.529
588560.094,8367.271,0.693
588946.953,8374.903,0.907
589321.812,NA,NA
589708.672,8382.194,0.068
590112.828,8389.338,0.205
590499.688,8396.687,0.374
590874.547,8404,0.538
591271.172,8411.233,0.689
591665.562,8418.536,0.852
592052.422,NA,NA
592427.281,8426.185,0.069
592814.141,8433.514,0.235
593208.531,8440.713,0.381
593595.391,8448.232,0.578
593970.25,8455.506,0.736
594366.875,8463.103,0.945
594741.734,NA,NA
595138.359,8470.463,0.116
595522.984,8477.76,0.277
595919.609,8485.022,0.433
596294.469,8492.425,0.611
596691.094,8499.96,0.811
597065.953,8506.979,0.928
597472.344,NA,NA
597856.969,8514.398,0.108
598253.594,8521.716,0.273
598628.453,8529.117,0.451
599015.312,8536.384,0.608
599409.703,8543.742,0.779
599796.562,NA,NA
600171.422,8551.471,0.009
600577.812,8558.473,0.123
600952.672,8565.873,0.301
601359.062,8573.415,0.501
601733.922,8580.668,0.656
602130.547,8587.813,0.793
602534.703,NA,NA
602911.797,8595.466,0.011
603296.422,8602.878,0.191
603693.047,8610.087,0.338
604077.672,8617.436,0.508
604474.297,8624.691,0.662
604858.922,8632.217,0.86
605255.547,NA,NA
605630.406,8639.785,0.065
606027.031,8647.035,0.218
606411.656,8654.344,0.382
606808.281,8661.745,0.559
607183.141,8669.025,0.718
607589.531,8676.72,0.943
607964.391,NA,NA
608370.781,8683.774,0.066
608755.406,8691.096,0.231
609152.031,8698.264,0.372
609536.656,8705.8,0.571
609913.75,8713.171,0.744
610298.375,8720.147,0.855
610714.531,NA,NA
611099.156,8727.667,0.051
611486.016,8735.052,0.227
611860.875,8742.298,0.38
612277.031,8749.529,0.531
612651.891,8756.915,0.706
613048.516,8764.264,0.876
613442.906,NA,NA
613839.531,8771.603,0.044
614214.391,8779.068,0.232
614630.547,8786.121,0.355
614995.641,8793.583,0.542
615402.031,8800.917,0.71
615776.891,8808.078,0.849
616183.281,NA,NA
616577.672,8815.331,0.003
616964.531,8822.891,0.207
617339.391,8830.277,0.382
617736.016,8837.645,0.555
618110.875,8844.896,0.709
618517.266,8852.217,0.874
618911.656,NA,NA
619298.516,8859.49,0.032
619692.906,8866.892,0.21
620079.766,8874.208,0.374
620454.625,8881.632,0.556
620851.25,8889.01,0.73
621235.875,8896.151,0.866
621642.266,NA,NA
622017.125,8903.803,0.084
622443.047,8910.634,0.171
622827.672,8917.994,0.343
623234.062,8925.324,0.509
623618.688,8932.261,0.614
624044.609,8939.691,0.796
624419.469,8946.824,0.931
624835.625,NA,NA
625200.719,8954.579,0.166
625607.109,8961.684,0.296
626001.5,8969.118,0.48
626388.359,8976.548,0.662
626772.984,8983.712,0.802
627179.375,8991.083,0.975
627573.766,NA,NA
627970.391,8998.537,0.162
628345.25,9005.996,0.349
628751.641,9013.136,0.485
629146.031,9020.632,0.678
629542.656,9028.296,0.898
629927.281,NA,NA
630323.906,9035.525,0.048
630718.297,9042.847,0.214
631105.156,9050.65,0.456
631480.016,9057.844,0.601
631896.172,9065.616,0.838
632261.266,NA,NA
632667.656,9072.925,0.001
633042.516,9080.586,0.22
633448.906,9087.775,0.364
633833.531,9095.209,0.547
634239.922,9102.998,0.787
634614.781,9110.075,0.913
635021.172,NA,NA
635396.031,9117.792,0.142
635812.188,9124.959,0.282
636187.047,9132.395,0.466
636622.734,9139.422,0.584
636987.828,9146.642,0.733
637403.984,9154.292,0.951
637798.375,NA,NA
638185.234,9161.584,0.111
638560.094,9168.917,0.279
638976.25,9176.011,0.408
639360.875,9183.395,0.583
639757.5,9190.762,0.755
640142.125,9198.003,0.908
640548.516,NA,NA
640933.141,9205.498,0.101
641349.297,9212.519,0.218
641724.156,9219.889,0.391
642130.547,9227.081,0.536
642534.703,9234.265,0.679
642931.328,9241.926,0.898
643306.188,NA,NA
643712.578,9249.142,0.047
644106.969,9256.476,0.214
644523.125,9263.439,0.322
644907.75,9270.646,0.469
645323.906,9277.922,0.627
645698.766,9285.154,0.778
646105.156,9292.606,0.964
646489.781,NA,NA
646905.938,9299.689,0.091
647300.328,9306.951,0.247
647687.188,9314.357,0.426
648071.812,9321.53,0.568
648487.969,9329.018,0.759
648872.594,9336.025,0.875
649278.984,NA,NA
649673.375,9343.344,0.039
650070,9350.736,0.216
650454.625,9358.019,0.375
650861.016,9365.086,0.5
651265.172,9372.377,0.66
651661.797,9379.907,0.859
652046.422,9386.927,0.976
652452.812,NA,NA
652847.203,9394.174,0.129
653263.359,9401.249,0.255
653657.75,9408.272,0.373
654073.906,9415.366,0.502
654458.531,9422.684,0.667
654874.688,9429.962,0.825
655259.312,9437.071,0.956
655665.703,NA,NA
656040.562,9444.585,0.152
656456.719,9451.572,0.264
656851.109,9458.727,0.403
657247.734,9465.954,0.553
657642.125,9473.001,0.675
658058.281,9480.56,0.878
658442.906,9487.528,0.987
658849.297,NA,NA
659243.688,9494.896,0.16
659640.312,9502.229,0.327
660024.938,9509.382,0.465
660431.328,9516.658,0.623
660815.953,9523.85,0.768
661222.344,9531.522,0.989
661597.203,NA,NA
662013.359,9538.489,0.098
662388.219,9545.871,0.273
662794.609,9553.062,0.417
663179.234,9560.286,0.567
663575.859,9567.535,0.72
663970.25,9574.668,0.856
664376.641,NA,NA
664761.266,9582.07,0.034
665167.656,9589.15,0.161
665562.047,9596.21,0.284
665948.906,9603.608,0.462
666343.297,9610.835,0.612
666730.156,9618.27,0.795
667114.781,9625.389,0.928
667521.172,NA,NA
667905.797,9632.903,0.124
668302.422,9640.025,0.258
668696.812,9647.211,0.401
669093.438,9654.527,0.566
669478.062,9661.615,0.694
669884.453,9669.069,0.88
670269.078,9676.026,0.987
670685.234,NA,NA
671060.094,9683.55,0.185
671476.25,9690.481,0.288
671860.875,9697.724,0.441
672267.266,9704.926,0.587
672651.891,9711.977,0.709
673068.047,9719.57,0.918
673442.906,NA,NA
673849.297,9726.779,0.065
674214.391,9734.475,0.29
674630.547,9741.493,0.407
675024.938,9748.638,0.544
675431.328,9755.867,0.694
675835.484,9762.991,0.828
676232.109,NA,NA
676606.969,9770.678,0.052
677013.359,9778.001,0.217
677407.75,9785.212,0.365
677814.141,9792.435,0.514
678198.766,9799.896,0.702
678605.156,9807.247,0.872
678999.547,NA,NA
679396.172,9814.379,0.007
679800.328,9821.627,0.161
680196.953,9828.964,0.328
680571.812,9836.389,0.51
680987.969,9843.602,0.658
681372.594,9850.813,0.806
681778.984,NA,NA
682163.609,9858.686,0.059
682579.766,9865.497,0.143
682974.156,9872.751,0.297
683370.781,9880.454,0.523
683755.406,9887.541,0.651
684161.797,9894.915,0.825
684556.188,9902.152,0.976
684962.578,NA,NA
685366.734,9909.395,0.129
685763.359,9916.597,0.275
686157.75,9923.826,0.426
686573.906,9930.996,0.567
686958.531,9938.281,0.727
687384.453,9945.546,0.883
687769.078,9952.462,0.984
688195,NA,NA
688589.391,9960.156,0.208
689005.547,9967.051,0.305
689390.172,9974.281,0.456
689806.328,9981.611,0.623
690210.484,9988.628,0.739
690616.875,9996.229,0.949
691001.5,NA,NA
691417.656,10003.33,0.079
691812.047,10010.729,0.257
692228.203,10017.768,0.377
692622.594,10024.963,0.522
693038.75,10032.689,0.752
693423.375,10039.508,0.837
693849.297,NA,NA
694243.688,10046.924,0.018
694659.844,10054.344,0.198
695073.766,10061.189,0.288
695470.391,10068.556,0.46
695864.781,10075.981,0.642
696280.938,10083.539,0.845
696665.562,10090.513,0.955
697081.719,NA,NA
697485.875,10097.746,0.106
697882.5,10105.234,0.298
698276.891,10112.47,0.45
698693.047,10119.528,0.573
699087.438,10126.905,0.747
699493.828,10134.129,0.897
699907.75,NA,NA
700304.375,10141.358,0.047
700698.766,10148.692,0.214
701114.922,10155.668,0.325
701509.312,10163.312,0.541
701905.938,10170.687,0.715
702300.328,10177.768,0.842
702726.25,NA,NA
703110.875,10185.726,0.109
703517.266,10192.981,0.263
703892.125,10200.552,0.468
704308.281,10208.25,0.693
704692.906,10215.296,0.815
705109.062,NA,NA
705493.688,10223.013,0.043
705919.609,10230.45,0.227
706314,10237.999,0.428
706720.391,10245.49,0.62
707105.016,10252.977,0.812
707511.406,NA,NA
707896.031,10260.834,0.062
708312.188,10267.882,0.184
708696.812,10275.533,0.402
709122.734,10282.824,0.562
709507.359,10290.145,0.727
709913.75,10297.463,0.892
710327.672,NA,NA
710724.297,10305.35,0.147
711108.922,10312.626,0.305
711525.078,10319.897,0.463
711909.703,10327.43,0.662
712325.859,10335.08,0.879
712710.484,NA,NA
713116.875,10342.272,0.024
713501.5,10349.848,0.229
713917.656,10357.148,0.391
714312.047,10364.42,0.549
714718.438,10371.869,0.734
715112.828,10379.463,0.943
715519.219,NA,NA
715903.844,10386.974,0.138
716310.234,10394.312,0.306
716694.859,10401.89,0.512
717111.016,10409.598,0.739
717485.875,10416.736,0.875
717902.031,NA,NA
718286.656,10424.489,0.109
718702.812,10432.169,0.331
719077.672,10439.516,0.501
719493.828,10446.894,0.675
719888.219,10454.484,0.883
720294.609,NA,NA
720669.469,10462.285,0.124
721075.859,10469.621,0.292
721470.25,10477.313,0.516
721876.641,10485.22,0.775
722251.5,10492.612,0.951
722657.891,NA,NA
723052.281,10500.482,0.204
723458.672,10508.056,0.409
723843.297,10515.554,0.602
724259.453,10523.334,0.841
724653.844,NA,NA
725079.766,10530.622,0.001
725454.625,10538.608,0.272
725861.016,10546.196,0.479
726255.406,10553.868,0.7
726661.797,10561.815,0.965
727046.422,NA,NA
727462.578,10569.19,0.139
727847.203,10577.041,0.388
728253.594,10584.794,0.622
728647.984,10592.195,0.8
729064.141,NA,NA
729439,10600.429,0.111
729845.391,10608.145,0.339
730239.781,10615.625,0.529
730655.938,10623.188,0.733
731050.328,10630.96,0.97
731446.953,NA,NA
731841.344,10638.6,0.186
732237.969,10646.543,0.45
732622.594,10654.091,0.651
733048.516,10662.09,0.924
733423.375,NA,NA
733829.766,10669.793,0.15
734243.688,10677.265,0.339
734630.547,10685.118,0.589
735024.938,10692.864,0.822
735421.562,NA,NA
735806.188,10701.035,0.123
736212.578,10708.809,0.36
736597.203,10716.554,0.593
737003.594,10724.155,0.802
737397.984,NA,NA
737794.609,10732.053,0.059
738189,10739.831,0.297
738575.859,10747.516,0.52
738960.484,10755.322,0.763
739357.109,NA,NA
739751.5,10763.104,0.001
740157.891,10770.835,0.232
740542.516,10778.5,0.451
740948.906,10786.217,0.68
741343.297,10793.88,0.899
741739.922,NA,NA
742124.547,10801.637,0.134
742530.938,10809.119,0.325
742925.328,10817.016,0.582
743321.953,10824.521,0.776
743716.344,NA,NA
744103.203,10832.551,0.054
744487.828,10840.538,0.325
744894.219,10847.728,0.47
745298.375,10855.635,0.728
745685.234,NA,NA
746069.859,10863.846,0.035
746476.25,10871.247,0.213
746851.109,10879.376,0.507
747247.734,10887.165,0.746
747642.125,10894.602,0.93
748048.516,NA,NA
748433.141,10902.499,0.187
748839.531,10910.501,0.46
749214.391,10918.024,0.657
749630.547,10925.887,0.909
750024.938,NA,NA
750411.797,10933.955,0.193
750796.422,10941.431,0.383
751202.812,10949.298,0.635
751587.438,10956.749,0.821
751984.062,NA,NA
752388.219,10964.621,0.074
752765.312,10972.269,0.291
753159.703,10979.822,0.493
753566.094,10987.597,0.73
753950.719,10994.877,0.889
754357.109,NA,NA
754761.266,11002.392,0.085
755157.891,11010.054,0.304
755542.516,11017.663,0.516
755939.141,11025.415,0.749
756314,11032.833,0.93
756730.156,NA,NA
757124.547,11040.587,0.164
757511.406,11048.196,0.375
757886.266,11055.922,0.605
758292.656,11063.478,0.807
758687.047,11070.796,0.972
759093.438,NA,NA
759487.828,11078.399,0.182
759884.453,11086.012,0.394
760259.312,11093.605,0.602
760665.703,11101.256,0.82
761060.094,11108.502,0.973
761476.25,NA,NA
761870.641,11116.244,0.205
762257.5,11123.763,0.402
762651.891,11131.246,0.593
763048.516,11139.023,0.831
763433.141,11146.316,0.991
763839.531,NA,NA
764224.156,11154.025,0.218
764640.312,11161.413,0.394
765015.172,11168.917,0.588
765431.328,11176.302,0.764
765835.484,11183.862,0.967
766232.109,NA,NA
766616.734,11191.55,0.19
767032.891,11198.778,0.341
767417.516,11206.236,0.528
767823.906,11213.909,0.749
768208.531,11221.275,0.921
768614.922,NA,NA
768989.781,11229.158,0.176
769405.938,11236.515,0.347
769780.797,11244.131,0.559
770187.188,11251.816,0.782
770571.812,11259.031,0.93
770987.969,NA,NA
771362.828,11266.944,0.19
771769.219,11274.285,0.358
772153.844,11281.566,0.517
772570,11289.193,0.731
772944.859,11296.529,0.898
773351.25,NA,NA
773755.406,11303.903,0.072
774152.031,11311.454,0.274
774546.422,11318.735,0.433
774943.047,11326.046,0.596
775347.203,11333.475,0.779
775743.828,NA,NA
776128.453,11341.158,0.001
776534.844,11348.407,0.155
776948.766,11355.374,0.264
777355.156,11362.676,0.426
777739.781,11370.027,0.596
778146.172,11377.915,0.851
778511.266,11384.981,0.976
778937.188,NA,NA
779321.812,11392.516,0.175
779728.203,11399.835,0.34
780112.828,11407.293,0.527
780519.219,11414.672,0.701
780903.844,11422.039,0.874
781310.234,NA,NA
781704.625,11429.573,0.073
782120.781,11436.708,0.209
782495.641,11444.222,0.405
782911.797,11451.621,0.582
783286.656,11459.144,0.779
783702.812,11466.718,0.985
784077.672,NA,NA
784493.828,11473.785,0.11
784878.453,11481.154,0.282
785294.609,11488.509,0.453
785659.703,11495.936,0.635
786075.859,11503.495,0.838
786450.719,11510.707,0.986
786866.875,NA,NA
787251.5,11518.173,0.174
787667.656,11525.312,0.31
788042.516,11533.069,0.545
788448.906,11540.275,0.692
788833.531,11547.503,0.842
789249.688,NA,NA
789634.312,11554.984,0.033
790050.469,11562.05,0.157
790435.094,11569.461,0.337
790841.484,11576.691,0.488
791226.109,11584.167,0.677
791642.266,11591.558,0.854
792036.656,11598.728,0.995
792443.047,NA,NA
792837.438,11606.134,0.174
793243.828,11613.352,0.322
793638.219,11620.884,0.521
794044.609,11628.241,0.692
794419.469,11635.68,0.876
794835.625,NA,NA
795220.25,11643.071,0.052
795636.406,11650.293,0.202
796011.266,11657.751,0.389
796427.422,11664.934,0.532
796812.047,11672.343,0.711
797218.438,11679.803,0.898
797603.062,NA,NA
798019.219,11686.982,0.041
798403.844,11694.46,0.231
798820,11701.627,0.372
799204.625,11708.987,0.543
799630.547,11716.257,0.7
800005.406,11723.6,0.869
800421.562,NA,NA
800786.656,11731.361,0.104
801202.812,11738.561,0.25
801587.438,11746.134,0.455
801984.062,11753.476,0.624
802368.688,11760.676,0.77
802784.844,11768.31,0.985
803159.703,NA,NA
803566.094,11775.593,0.144
803940.953,11783.138,0.345
804347.344,11790.502,0.517
804722.203,11797.914,0.696
805138.359,11805.338,0.878
805522.984,NA,NA
805919.609,11812.761,0.059
806314,11820.198,0.243
806700.859,11827.723,0.441
807075.719,11835.288,0.645
807491.875,11842.686,0.822
807866.734,11849.908,0.971
808282.891,NA,NA
808667.516,11857.456,0.173
809064.141,11864.808,0.343
809448.766,11872.368,0.546
809864.922,11879.68,0.71
810239.781,11887.119,0.894
810646.172,NA,NA
811040.562,11894.494,0.068
811446.953,11901.762,0.224
811821.812,11909.508,0.457
812237.969,11916.579,0.582
812622.594,11923.924,0.752
813028.984,11931.207,0.911
813433.141,NA,NA
813820,11938.672,0.099
814194.859,11946.33,0.318
814611.016,11953.401,0.443
814985.875,11961.123,0.672
815411.797,11968.437,0.836
815776.891,11975.433,0.949
816193.047,NA,NA
816558.141,11983.301,0.202
816984.062,11990.31,0.317
817368.688,11997.713,0.495
817775.078,12005.341,0.709
818149.938,12012.641,0.871
818556.328,NA,NA
818931.188,12020.513,0.124
819357.109,12027.701,0.268
819722.203,12035.572,0.521
820148.125,12043.073,0.715
820513.219,12050.8,0.944
820919.609,NA,NA
821304.234,12058.372,0.15
821710.625,12065.748,0.323
822095.25,12073.536,0.563
822501.641,12081.314,0.801
822866.734,NA,NA
823273.125,12088.958,0.017
823667.516,12096.343,0.193
824064.141,12104.373,0.471
824429.234,12111.771,0.648
824845.391,12119.741,0.917
825220.25,NA,NA
825626.641,12127.076,0.084
826011.266,12134.543,0.272
826417.656,12142.036,0.465
826792.516,12149.753,0.693
827208.672,12157.569,0.937
827583.531,NA,NA
827999.688,12164.621,0.06
828374.547,12172.303,0.282
828790.703,12179.709,0.461
829175.328,12187.034,0.627
829581.719,12194.889,0.877
829966.344,NA,NA
830362.969,12202.248,0.048
830737.828,12209.847,0.258
831153.984,12217.496,0.475
831528.844,12225.111,0.687
831935.234,12232.384,0.844
832319.859,NA,NA
832716.484,12240.176,0.085
833101.109,12247.519,0.253
833507.5,12255.095,0.459
833892.125,12262.715,0.672
834278.984,12270.427,0.899
834653.844,NA,NA
835060.234,12277.809,0.074
835435.094,12285.407,0.283
835851.25,12292.672,0.439
836226.109,12300.335,0.659
836632.5,12308.147,0.903
836997.594,NA,NA
837394.219,12315.546,0.08
837778.844,12323.372,0.326
838175.469,12330.673,0.488
838560.094,12338.295,0.701
838956.719,12345.963,0.921
839341.344,NA,NA
839747.734,12353.669,0.147
840122.594,12361.15,0.338
840528.984,12368.714,0.542
840933.141,12376.024,0.705
841320,NA,NA
841694.859,12384.408,0.04
842101.25,12391.694,0.199
842476.109,12399.441,0.432
842892.266,12406.989,0.634
843276.891,12414.394,0.812
843673.516,NA,NA
844058.141,12422.346,0.078
844454.766,12429.77,0.259
844829.625,12437.6,0.506
845245.781,12444.925,0.671
845630.406,12452.488,0.875
846036.797,NA,NA
846421.422,12460.342,0.125
846818.047,12467.766,0.307
847192.906,12475.557,0.547
847599.297,12482.894,0.714
847983.922,12490.584,0.938
848380.547,NA,NA
848755.406,12498.362,0.176
849161.797,12505.587,0.326
849536.656,12513.275,0.55
849943.047,12520.68,0.728
850317.906,12527.976,0.889
850734.062,NA,NA
851118.688,12535.593,0.102
851525.078,12542.734,0.238
851919.469,12550.275,0.438
852306.328,12557.638,0.61
852700.719,12565.141,0.804
853077.812,12572.561,0.985
853481.969,NA,NA
853868.828,12579.979,0.166
854243.688,12587.633,0.384
854640.312,12594.971,0.552
855034.703,12602.54,0.757
855411.797,12610.127,0.964
855806.188,NA,NA
856183.281,12618.02,0.22
856567.906,12625.286,0.377
856974.297,12632.743,0.563
857358.922,12640.208,0.752
857755.547,12647.902,0.976
858140.172,NA,NA
858527.031,12655.625,0.205
858921.422,12662.885,0.361
859327.812,12670.266,0.535
859722.203,12677.875,0.747
860109.062,12685.702,0.992
860483.922,NA,NA
860890.312,12693.091,0.168
861274.938,12700.576,0.359
861681.328,12708.115,0.559
862056.188,12715.713,0.769
862452.812,12723.329,0.981
862837.438,NA,NA
863234.062,12730.811,0.171
863618.688,12738.201,0.348
864025.078,12745.701,0.541
864399.938,12753.527,0.787
864796.562,12761.142,0.999
865171.422,NA,NA
865587.578,12768.713,0.204
865962.438,12776.183,0.393
866368.828,12783.808,0.606
866753.453,12791.145,0.774
867159.844,12798.775,0.988
867544.469,NA,NA
867941.094,12806.731,0.255
868325.719,12814.128,0.432
868722.344,12822.151,0.709
869097.203,12829.559,0.888
869503.594,NA,NA
869878.453,12837.345,0.127
870284.844,12845.146,0.369
870659.703,12852.47,0.534
871075.859,12860.447,0.804
871460.484,12867.576,0.938
871876.641,NA,NA
872251.5,12875.321,0.171
872657.891,12882.704,0.346
873042.516,12890.248,0.547
873429.375,12898.528,0.865
873794.469,NA,NA
874200.859,12905.766,0.016
874575.719,12913.465,0.242
874982.109,12921.11,0.459
875356.969,12928.548,0.642
875763.359,12936.033,0.834
876147.984,NA,NA
876544.609,12943.842,0.076
876929.234,12951.265,0.258
877316.094,12959.312,0.539
877690.953,12966.949,0.754
878087.578,NA,NA
878462.438,12974.816,0.006
878878.594,12982.6,0.245
879243.688,12990.399,0.486
879659.844,12998.011,0.698
880054.234,13005.672,0.917
880441.094,NA,NA
880815.953,13013.67,0.19
881232.109,13021.557,0.445
881606.969,13029.03,0.634
882023.125,13036.964,0.897
882417.516,NA,NA
882804.375,13044.769,0.139
883189,13052.82,0.421
883595.391,13060.716,0.678
883980.016,13068.54,0.923
884376.641,NA,NA
884771.031,13076.512,0.192
885167.656,13084.346,0.438
885542.516,13092.064,0.667
885958.672,13099.995,0.929
886343.297,NA,NA
886749.688,13107.742,0.162
887134.312,13115.494,0.396
887550.469,13123.171,0.618
887935.094,13131.022,0.867
888331.719,NA,NA
888716.344,13138.951,0.129
889132.5,13146.376,0.311
889517.125,13154.412,0.59
889913.75,13162.251,0.837
890308.141,NA,NA
890704.766,13169.838,0.045
891089.391,13177.842,0.319
891505.547,13185.607,0.555
891870.641,13193.309,0.78
892296.562,NA,NA
892671.422,13201.404,0.069
893087.578,13208.912,0.264
893472.203,13216.674,0.499
893878.594,13224.723,0.78
894253.453,13232.19,0.968
894659.844,NA,NA
895054.234,13240.252,0.252
895450.859,13248.028,0.489
895835.484,13255.533,0.684
896251.641,13263.477,0.948
896626.5,NA,NA
897042.656,13271.089,0.159
897427.281,13278.964,0.413
897823.906,13286.59,0.627
898218.297,13293.209,0.68
898614.922,NA,NA
898989.781,13302.218,0.114
899396.172,13310.014,0.355
899790.562,13317.487,0.544
900177.422,13325.412,0.805
900571.812,NA,NA
900968.438,13332.929,0.002
901333.531,13341.293,0.333
901749.688,13348.541,0.486
902124.547,13356.697,0.784
902511.406,13364.243,0.985
902905.797,NA,NA
903312.188,13371.699,0.172
903706.578,13379.328,0.386
904093.438,13387.343,0.662
904478.062,13394.631,0.822
904884.453,NA,NA
905249.547,13402.796,0.121
905665.703,13410.152,0.292
906050.328,13417.966,0.536
906456.719,13425.445,0.726
906851.109,13432.947,0.92
907247.734,NA,NA
907622.594,13441.204,0.234
908038.75,13448.602,0.412
908403.844,13456.554,0.677
908810.234,13464.15,0.886
909194.859,NA,NA
909601.25,13471.767,0.098
909995.641,13479.387,0.311
910392.266,13487.064,0.533
910767.125,13494.96,0.79
911173.516,13502.439,0.98
911567.906,NA,NA
911954.766,13510.764,0.305
912339.391,13518.151,0.481
912736.016,13525.939,0.72
913140.172,13533.526,0.928
913527.031,NA,NA
913901.891,13541.472,0.192
914308.281,13549.235,0.428
914702.672,13556.815,0.634
915089.531,13565.323,0.988
915464.391,NA,NA
915890.312,13572.396,0.114
916265.172,13580.422,0.391
916681.328,13588.01,0.599
917046.422,13595.883,0.852
917462.578,NA,NA
917847.203,13603.917,0.131
918243.828,13611.511,0.339
918618.688,13619.641,0.633
919025.078,13627.457,0.877
919419.469,NA,NA
919806.328,13635.563,0.167
920181.188,13643.684,0.46
920587.578,13651.527,0.708
920962.438,13659.416,0.964
921368.828,NA,NA
921743.688,13667.261,0.212
922159.844,13675.147,0.467
922534.703,13682.526,0.642
922960.625,13690.962,0.984
923325.719,NA,NA
923741.875,13698.117,0.123
924116.734,13706.213,0.412
924523.125,13714.015,0.653
924897.984,13721.342,0.819
925314.141,NA,NA
925698.766,13729.476,0.114
926095.391,13736.817,0.282
926480.016,13744.712,0.539
926886.406,13752.421,0.766
927251.5,13759.834,0.946
927667.656,NA,NA
928042.516,13767.827,0.218
928448.906,13775.086,0.373
928843.297,13782.675,0.581
929230.156,13790.403,0.811
929614.781,13797.604,0.957
930030.938,NA,NA
930405.797,13805.46,0.207
930821.953,13812.705,0.36
931196.812,13820.23,0.558
931612.969,13828.016,0.797
931978.062,13835.178,0.937
932394.219,NA,NA
932778.844,13842.926,0.17
933185.234,13850.176,0.324
933579.625,13857.63,0.51
933976.25,13865.277,0.727
934360.875,13872.758,0.918
934757.5,NA,NA
935142.125,13880.4,0.134
935558.281,13887.679,0.293
935933.141,13895.074,0.47
936339.531,13902.492,0.65
936733.922,13909.712,0.799
937130.547,NA,NA
937515.172,13917.395,0.022
937911.797,13924.881,0.214
938296.422,13932.231,0.383
938712.578,13939.493,0.539
939097.203,13946.916,0.721
939493.828,13954.842,0.982
939868.688,NA,NA
940284.844,13962.112,0.139
940659.703,13969.624,0.335
941075.859,13977.008,0.51
941450.719,13984.334,0.676
941866.875,13992.008,0.897
942251.5,NA,NA
942657.891,13999.374,0.07
943032.75,14006.96,0.277
943448.906,14014.56,0.486
943833.531,14021.689,0.621
944249.688,14029.188,0.815
944634.312,14036.501,0.979
945040.703,NA,NA
945415.562,14044.209,0.205
945831.719,14051.298,0.334
946216.344,14058.726,0.516
946632.5,14066.008,0.675
947017.125,14073.399,0.851
947423.516,NA,NA
947808.141,14080.91,0.046
948214.531,14088.2,0.207
948589.391,14095.598,0.384
949015.312,14102.795,0.53
949399.938,14110.143,0.699
949806.328,14117.895,0.933
950181.188,NA,NA
950597.344,14124.987,0.062
950981.969,14132.508,0.258
951388.359,14139.791,0.418
951772.984,14147.221,0.6
952169.609,14154.918,0.825
952554.234,14161.901,0.937
952970.391,NA,NA
953345.25,14169.688,0.176
953741.875,14177.057,0.349
954126.5,14184.388,0.516
954532.891,14191.861,0.705
954917.516,14199.134,0.862
955323.906,NA,NA
955698.766,14206.796,0.082
956105.156,14214.071,0.24
956480.016,14221.4,0.406
956896.172,14228.732,0.573
957271.031,14235.883,0.711
957687.188,14243.38,0.904
958071.812,NA,NA
958478.203,14250.428,0.026
958853.062,14258.026,0.235
959269.219,14265.09,0.36
959644.078,14272.344,0.514
960060.234,14279.701,0.685
960435.094,14286.997,0.846
960841.484,NA,NA
961226.109,14294.547,0.048
961642.266,14301.514,0.157
962017.125,14308.97,0.343
962433.281,14316.081,0.475
962817.906,14323.389,0.638
963214.531,14330.849,0.825
963599.156,14338.169,0.99
963995.781,NA,NA
964380.406,14345.548,0.165
964796.562,14352.646,0.295
965171.422,14359.932,0.454
965577.812,14367.287,0.625
965952.672,14374.52,0.776
966359.062,NA,NA
966724.156,14382.351,0.022
967120.781,14389.788,0.206
967505.406,14397.036,0.36
967902.031,14404.406,0.532
968296.422,14411.646,0.685
968693.047,14419.155,0.88
969087.438,NA,NA
969484.062,14426.437,0.039
969868.688,14433.885,0.224
970284.844,14441.224,0.392
970649.938,14448.599,0.566
971075.859,14456.295,0.791
971460.484,14463.653,0.962
971857.109,NA,NA
972271.031,14470.776,0.096
972657.891,14478.591,0.339
973062.047,14485.672,0.466
973458.672,14493.406,0.697
973833.531,14500.947,0.897
974249.688,NA,NA
974624.547,14508.485,0.097
975030.938,14515.832,0.266
975425.328,14523.389,0.469
975831.719,14530.76,0.642
976226.109,14538.107,0.812
976622.734,NA,NA
976997.594,14545.936,0.058
977403.984,14553.687,0.291
977788.609,14560.852,0.432
978195,14568.491,0.647
978579.625,14575.907,0.828
978986.016,NA,NA
979370.641,14583.36,0.014
979757.5,14591.301,0.278
980151.891,14598.74,0.462
980548.516,14606.1,0.633
980933.141,14613.645,0.834
981339.531,NA,NA
981714.391,14621.404,0.069
982130.547,14628.654,0.223
982505.406,14636.416,0.458
982921.562,14644.07,0.676
983296.422,14652.082,0.951
983702.812,NA,NA
984087.438,14659.124,0.072
984484.062,14667.082,0.339
984858.922,14674.337,0.493
985284.844,14682.308,0.762
985649.938,14689.527,0.911
986066.094,NA,NA
986460.484,14697.139,0.122
986857.109,14705.037,0.379
987241.734,14712.543,0.574
987648.125,14720.498,0.84
988022.984,14727.641,0.977
988429.375,NA,NA
988804.234,14735.906,0.292
989210.625,14743.185,0.451
989595.25,14750.899,0.679
990001.641,14758.794,0.935
990366.734,NA,NA
990782.891,14766.533,0.167
991167.516,14773.879,0.336
991573.906,14781.858,0.606
991948.766,14789.58,0.835
992355.156,NA,NA
992730.016,14797.354,0.072
993146.172,14805.16,0.314
993521.031,14812.668,0.509
993927.422,14820.856,0.813
994302.281,14828.009,0.951
994718.438,NA,NA
995112.828,14835.981,0.22
995509.453,14843.637,0.438
995894.078,14851.212,0.644
996310.234,14859.033,0.889
996694.859,NA,NA
997101.25,14866.192,0.028
997485.875,14874.234,0.308
997892.266,14881.382,0.446
998286.656,14889.133,0.679
998683.281,14897.195,0.962
999058.141,NA,NA
999454.766,14904.503,0.125
999839.391,14912.369,0.377
1000236.016,14920.03,0.597
1000591.344,14927.878,0.846
1000997.734,NA,NA
1001382.359,14935.548,0.066
1001769.219,14943.192,0.283
1002153.844,14951.122,0.545
1002550.469,14958.7,0.751
1002925.328,14966.227,0.949
1003331.719,NA,NA
1003706.578,14974.184,0.215
1004103.203,14981.723,0.415
1004497.594,14989.491,0.652
1004894.219,14997.1,0.863
1005278.844,NA,NA
1005675.469,15004.658,0.065
1006050.328,15012.488,0.312
1006466.484,15019.889,0.49
1006841.344,15027.605,0.718
1007257.5,15035.48,0.971
1007622.594,NA,NA
1008038.75,15042.914,0.154
1008423.375,15050.759,0.403
1008829.766,15058.355,0.612
1009214.391,15066.304,0.877
1009591.484,NA,NA
1009995.641,15073.676,0.05
1010402.031,15081.237,0.253
1010776.891,15089.13,0.51
1011183.281,15096.536,0.688
1011567.906,15104.341,0.931
1011964.531,NA,NA
1012358.922,15111.819,0.121
1012765.312,15119.201,0.296
1013149.938,15126.95,0.529
1013566.094,15134.189,0.681
1013950.719,15141.708,0.878
1014366.875,NA,NA
1014741.734,15149.366,0.096
1015138.359,15156.899,0.295
1015522.984,15164.78,0.55
1015919.609,15172.192,0.729
1016294.469,15179.683,0.922
1016700.859,NA,NA
1017075.719,15187.453,0.158
1017482.109,15194.782,0.325
1017866.734,15202.199,0.505
1018273.125,15209.75,0.707
1018657.75,15217.156,0.886
1019054.375,NA,NA
1019439,15224.934,0.124
1019835.625,15232.476,0.324
1020210.484,15240.026,0.525
1020616.875,15247.649,0.739
1021001.5,15255.341,0.963
1021388.359,NA,NA
1021763.219,15263.106,0.199
1022169.609,15270.642,0.398
1022534.703,15278.278,0.613
1022941.094,15285.786,0.808
1023325.719,15293.173,0.984
1023722.344,NA,NA
1024097.203,15300.898,0.214
1024503.594,15308.26,0.385
1024878.453,15315.795,0.585
1025284.844,15323.293,0.778
1025669.469,15330.404,0.91
1026085.625,NA,NA
1026460.484,15338.087,0.132
1026857.109,15345.481,0.309
1027241.734,15352.915,0.492
1027638.359,15360.248,0.659
1028022.984,15367.537,0.819
1028429.375,15374.879,0.988
1028823.766,NA,NA
1029220.391,15382.17,0.148
1029595.25,15389.616,0.333
1030011.406,15396.77,0.472
1030396.031,15404.419,0.689
1030773.125,15412.201,0.928
1031147.984,NA,NA
1031554.375,15419.45,0.082
1031929.234,15427.056,0.292
1032335.625,15434.376,0.457
1032710.484,15441.629,0.612
1033126.641,15449.272,0.828
1033501.5,15456.475,0.974
1033917.656,NA,NA
1034282.75,15464.175,0.2
1034689.141,15471.471,0.361
1035073.766,15478.832,0.533
1035470.391,15486.255,0.714
1035864.781,15493.727,0.903
1036261.406,NA,NA
1036655.797,15501.141,0.083
1037042.656,15508.627,0.275
1037437.047,15516.01,0.45
1037823.906,15523.875,0.701
1038189,15531.209,0.869
1038595.391,NA,NA
1038989.781,15538.687,0.059
1039366.875,15546.435,0.292
1039761.266,15553.933,0.485
1040148.125,15561.87,0.748
1040532.75,15569.252,0.923
1040929.375,NA,NA
1041314,15576.774,0.121
1041720.391,15584.188,0.301
1042105.016,15591.608,0.482
1042501.641,15599.33,0.711
1042876.5,15606.877,0.912
1043282.891,NA,NA
1043657.75,15614.539,0.131
1044064.141,15622.008,0.32
1044439,15629.577,0.524
1044835.625,15637.478,0.782
1045230.016,15644.507,0.901
1045636.406,NA,NA
1046001.5,15652.373,0.153
1046417.656,15659.683,0.316
1046782.75,15667.216,0.515
1047198.906,15675.308,0.803
1047564,15682.484,0.945
1047970.391,NA,NA
1048364.781,15690.011,0.143
1048751.641,15697.692,0.365
1049116.734,15705.689,0.638
1049523.125,15713.156,0.826
1049907.75,15720.524,0.999
1050304.375,NA,NA
1050669.469,15728.421,0.256
1051085.625,15735.634,0.404
1051470.25,15743.462,0.65
1051866.875,15751.112,0.867
1052241.734,NA,NA
1052648.125,15758.629,0.064
1053022.984,15766.279,0.281
1053439.141,15773.977,0.506
1053814,15781.72,0.739
1054210.625,15789.119,0.916
1054605.016,NA,NA
1055001.641,15796.772,0.134
1055376.5,15804.43,0.353
1055782.891,15812.318,0.609
1056157.75,15819.93,0.82
1056554.375,NA,NA
1056929.234,15828.005,0.105
1057335.625,15835.846,0.353
1057710.484,15843.356,0.548
1058107.109,15851.639,0.867
1058481.969,NA,NA
1058878.594,15859.152,0.062
1059253.453,15866.953,0.304
1059659.844,15875.016,0.587
1060034.703,15882.909,0.843
1060421.562,NA,NA
1060796.422,15891.075,0.143
1061212.578,15898.377,0.305
1061587.438,15906.474,0.594
1061984.062,15914.254,0.832
1062358.922,NA,NA
1062765.312,15921.979,0.062
1063149.938,15929.571,0.27
1063546.562,15937.879,0.592
1063901.891,15945.359,0.783
1064308.281,NA,NA
1064702.672,15953.37,0.058
1065089.531,15961.123,0.292
1065454.625,15969.037,0.551
1065870.781,15976.839,0.793
1066245.641,15984.083,0.946
1066652.031,NA,NA
1067046.422,15992.097,0.221
1067433.281,15999.71,0.433
1067827.672,16007.128,0.614
1068234.062,16014.685,0.816
1068618.688,NA,NA
1069025.078,16022.252,0.021
1069409.703,16029.884,0.235
1069806.328,16037.533,0.453
1070181.188,16045.144,0.664
1070607.109,16052.768,0.877
1070981.969,NA,NA
1071388.359,16059.953,0.021
1071753.453,16067.854,0.278
1072179.375,16075.241,0.454
1072564,16082.815,0.659
1072970.391,16090.323,0.854
1073355.016,NA,NA
1073761.406,16097.694,0.028
1074146.031,16105.334,0.244
1074552.422,16112.759,0.425
1074937.047,16120.219,0.613
1075343.438,16128.11,0.868
1075718.297,NA,NA
1076134.453,16135.33,0.017
1076509.312,16142.982,0.235
1076915.703,16150.808,0.481
1077290.562,16158.359,0.683
1077696.953,16165.859,0.876
1078081.578,NA,NA
1078487.969,16173.288,0.059
1078862.828,16181.032,0.291
1079278.984,16188.344,0.455
1079663.609,16196.088,0.687
1080070,16203.671,0.894
1080454.625,NA,NA
1080861.016,16211.418,0.127
1081245.641,16218.855,0.311
1081652.031,16226.713,0.562
1082036.656,16234.02,0.724
1082433.281,NA,NA
1082817.906,16242.194,0.025
1083214.531,16249.522,0.192
1083618.688,16256.902,0.366
1084015.312,16264.968,0.65
1084390.172,16272.436,0.839
1084796.562,NA,NA
1085181.188,16280.565,0.132
1085587.578,16287.884,0.297
1085962.438,16295.895,0.572
1086368.828,16303.396,0.766
1086743.688,16311.046,0.984
1087159.844,NA,NA
1087544.469,16318.613,0.188
1087941.094,16326.246,0.403
1088325.719,16334.09,0.651
1088722.344,16341.886,0.892
1089087.438,NA,NA
1089503.594,16349.231,0.061
1089888.219,16356.968,0.292
1090294.609,16364.312,0.461
1090679.234,16372.177,0.713
1091075.859,16379.607,0.895
1091470.25,NA,NA
1091876.641,16387.047,0.08
1092271.031,16394.557,0.275
1092667.656,16402.386,0.521
1093052.281,16409.969,0.728
1093458.672,16417.405,0.911
1093853.062,NA,NA
1094249.688,16425.398,0.183
1094644.078,16432.567,0.324
1095060.234,16440.295,0.554
1095435.094,16447.625,0.721
1095841.484,NA,NA
1096226.109,16455.742,0.013
1096612.969,16463.253,0.208
1096997.594,16471.002,0.441
1097403.984,16478.574,0.646
1097769.078,16485.854,0.805
1098195,NA,NA
1098560.094,16493.978,0.098
1098966.484,16501.214,0.25
1099360.875,16508.94,0.479
1099757.5,16516.477,0.679
1100132.359,16523.939,0.867
1100548.516,NA,NA
1100933.141,16531.617,0.089
1101349.297,16538.797,0.231
1101724.156,16546.523,0.461
1102140.312,16553.695,0.602
1102524.938,16561.232,0.802
1102921.562,NA,NA
1103296.422,16568.892,0.021
1103702.812,16576.27,0.195
1104077.672,16583.656,0.371
1104493.828,16590.83,0.513
1104888.219,16598.087,0.668
1105284.844,16605.977,0.923
1105669.469,NA,NA
1106075.859,16612.967,0.036
1106470.25,16620.288,0.201
1106857.109,16627.888,0.411
1107231.969,16635.103,0.559
1107657.891,16642.73,0.773
1108022.984,16649.895,0.913
1108439.141,NA,NA
1108823.766,16657.393,0.106
1109230.156,16664.755,0.278
1109585.484,16672.409,0.496
1110001.641,16679.968,0.699
1110366.734,16687.443,0.889
1110773.125,NA,NA
1111177.281,16694.744,0.051
1111564.141,16702.243,0.245
1111968.297,16709.502,0.4
1112355.156,16717.142,0.616
1112730.016,16724.581,0.8
1113136.406,NA,NA
1113521.031,16732.168,0.007
1113927.422,16739.522,0.178
1114302.281,16747.425,0.435
1114698.906,16754.67,0.588
1115093.297,16761.871,0.735
1115509.453,NA,NA
1115894.078,16769.851,0.005
1116300.469,16776.958,0.136
1116694.859,16784.245,0.296
1117101.25,16791.967,0.525
1117485.875,16799.177,0.672
1117892.266,16807.032,0.922
1118276.891,NA,NA
1118683.281,16814.034,0.037
1119058.141,16821.724,0.26
1119464.531,16828.975,0.414
1119858.922,16836.599,0.628
1120255.547,16844.658,0.911
1120620.641,NA,NA
1121036.797,16851.621,0.019
1121421.422,16859.306,0.242
1121808.281,16867.35,0.522
1122183.141,16875.024,0.743
1122579.766,16882.724,0.969
1122954.625,NA,NA
1123361.016,16890.107,0.144
1123735.875,16898.133,0.421
1124132.5,16905.501,0.594
1124517.125,16913.167,0.814
1124923.516,NA,NA
1125308.141,16920.806,0.03
1125704.766,16928.497,0.254
1126079.625,16936.089,0.462
1126495.781,16943.898,0.705
1126880.406,16951.384,0.897
1127277.031,NA,NA
1127651.891,16959.324,0.16
1128058.281,16966.909,0.367
1128433.141,16974.702,0.608
1128859.062,16982.559,0.858
1129214.391,NA,NA
1129620.781,16990.081,0.055
1129985.875,16998.102,0.332
1130402.031,17005.919,0.576
1130776.891,17013.455,0.775
1131183.281,NA,NA
1131548.375,17021.916,0.122
1131954.766,17029.213,0.283
1132329.625,17036.877,0.503
1132745.781,17044.913,0.782
1133120.641,17052.466,0.984
1133517.266,NA,NA
1133911.656,17060.023,0.187
1134298.516,17068.156,0.481
1134673.375,17075.844,0.705
1135070,17083.614,0.942
1135444.859,NA,NA
1135851.25,17091.131,0.138
1136226.109,17098.922,0.378
1136622.734,17106.623,0.604
1136997.594,17114.469,0.852
1137403.984,NA,NA
1137788.609,17121.995,0.05
1138195,17129.482,0.242
1138579.625,17136.894,0.421
1138995.781,17144.229,0.589
1139390.172,17151.85,0.802
1139796.562,NA,NA
1140171.422,17159.599,0.035
1140587.578,17166.826,0.185
1140962.438,17174.641,0.429
1141378.594,17181.894,0.583
1141763.219,17189.28,0.759
1142179.375,NA,NA
1142554.234,17197.399,0.051
1142980.156,17204.348,0.157
1143355.016,17211.894,0.358
1143771.172,17219.519,0.572
1144155.797,17226.713,0.717
1144571.953,17234.462,0.95
1144946.812,NA,NA
1145362.969,17241.698,0.101
1145728.062,17249.456,0.336
1146144.219,17256.825,0.509
1146528.844,17264.079,0.664
1146945,17271.721,0.88
1147339.391,NA,NA
1147736.016,17279.279,0.083
1148110.875,17286.889,0.294
1148536.797,17294.449,0.497
1148921.422,17301.876,0.679
1149337.578,17309.339,0.867
1149722.203,NA,NA
1150138.359,17316.536,0.012
1150513.219,17324.331,0.253
1150919.609,17331.998,0.473
1151294.469,17339.317,0.638
1151710.625,17347.233,0.898
1152095.25,NA,NA
1152511.406,17354.202,0.007
1152876.5,17362.079,0.261
1153292.656,17369.654,0.466
1153677.281,17377.069,0.646
1154083.672,17384.523,0.833
1154468.297,NA,NA
1154874.688,17391.88,0.004
1155239.781,17399.759,0.258
1155655.938,17406.924,0.398
1156040.562,17414.171,0.551
1156456.719,17421.872,0.777
1156831.578,17429.216,0.946
1157237.969,NA,NA
1157612.828,17436.914,0.171
1158028.984,17444.239,0.337
1158394.078,17451.929,0.561
1158800.469,17459.508,0.767
1159175.328,17466.873,0.939
1159581.719,NA,NA
1159966.344,17474.594,0.168
1160362.969,17482.163,0.373
1160728.062,17489.637,0.562
1161144.219,17497.413,0.8
1161519.078,17504.864,0.986
1161915.703,NA,NA
1162290.562,17512.588,0.215
1162706.719,17520.004,0.395
1163071.812,17527.4,0.572
1163487.969,17534.809,0.751
1163872.594,17542.254,0.936
1164269.219,NA,NA
1164653.844,17549.959,0.163
1165060.234,17557.177,0.311
1165435.094,17564.686,0.507
1165841.484,17572.205,0.703
1166226.109,17579.397,0.848
1166642.266,NA,NA
1167017.125,17587.036,0.064
1167423.516,17594.315,0.222
1167808.141,17601.72,0.401
1168214.531,17609.063,0.569
1168589.391,17616.307,0.722
1169005.547,17623.762,0.909
1169399.938,NA,NA
1169796.562,17631.195,0.092
1170171.422,17638.688,0.284
1170577.812,17645.981,0.445
1170962.438,17653.358,0.619
1171359.062,17660.879,0.816
1171743.688,17667.957,0.943
1172159.844,NA,NA
1172544.469,17675.514,0.145
1172960.625,17682.638,0.279
1173345.25,17689.865,0.43
1173761.406,17697.248,0.604
1174136.266,17704.615,0.777
1174542.656,17711.964,0.947
1174937.047,NA,NA
1175333.672,17719.388,0.128
1175718.297,17726.778,0.304
1176124.688,17734.171,0.481
1176499.547,17741.583,0.661
1176905.938,17749.298,0.888
1177280.797,NA,NA
1177687.188,17756.563,0.045
1178062.047,17764.134,0.25
1178478.203,17771.46,0.416
1178843.297,17778.916,0.602
1179259.453,17786.402,0.794
1179634.312,17793.626,0.944
1180050.469,NA,NA
1180444.859,17801.07,0.128
1180851.25,17808.307,0.28
1181235.875,17815.656,0.45
1181652.031,17822.968,0.614
1182036.656,17830.288,0.778
1182443.047,17837.887,0.988
1182827.672,NA,NA
1183243.828,17844.968,0.115
1183628.453,17852.424,0.302
1184034.844,17859.707,0.461
1184419.469,17867.062,0.631
1184825.859,17874.641,0.838
1185210.484,NA,NA
1185607.109,17882.103,0.025
1186001.5,17889.504,0.203
1186398.125,17896.804,0.365
1186792.516,17904.127,0.53
1187198.906,17911.672,0.731
1187573.766,17918.946,0.889
1187980.156,NA,NA
1188364.781,17926.596,0.106
1188771.172,17933.874,0.265
1189155.797,17941.265,0.441
1189562.188,17948.763,0.634
1189937.047,17956.087,0.8
1190353.203,17963.378,0.96
1190747.594,NA,NA
1191153.984,17970.614,0.112
1191528.844,17978.173,0.315
1191945,17985.343,0.456
1192319.859,17992.89,0.657
1192726.25,18000.38,0.85
1193110.875,NA,NA
1193517.266,18007.655,0.007
1193892.125,18015.262,0.218
1194318.047,18022.445,0.361
1194702.672,18029.772,0.527
1195109.062,18037.233,0.715
1195493.688,18044.627,0.892
1195900.078,NA,NA
1196284.703,18052.245,0.104
1196700.859,18059.412,0.245
1197085.484,18066.793,0.419
1197501.641,18074.419,0.633
1197876.5,18081.834,0.813
1198282.891,NA,NA
1198667.516,18089.53,0.038
1199073.906,18096.85,0.203
1199468.297,18104.558,0.43
1199874.688,18111.706,0.568
1200259.312,18119.258,0.769
1200665.703,NA,NA
1201040.562,18127.464,0.076
1201456.719,18134.437,0.185
1201841.344,18141.885,0.371
1202247.734,18149.388,0.565
1202632.359,18156.817,0.747
1203038.75,NA,NA
1203433.141,18164.795,0.017
1203839.531,18172.002,0.164
1204214.391,18179.816,0.408
1204630.547,18187.099,0.567
1205005.406,18194.315,0.715
1205431.328,18202.281,0.983
1205825.719,NA,NA
1206222.344,18209.58,0.145
1206606.969,18216.978,0.322
1207023.125,18224.805,0.568
1207397.984,18232.437,0.783
1207804.375,18239.868,0.965
1208198.766,NA,NA
1208595.391,18247.453,0.172
1208970.25,18255.443,0.444
1209386.406,18262.802,0.615
1209761.266,18270.395,0.824
1210167.656,NA,NA
1210542.516,18278.458,0.107
1210958.672,18285.818,0.278
1211333.531,18293.483,0.498
1211739.922,18301.129,0.715
1212124.547,18309.057,0.977
1212521.172,NA,NA
1212905.797,18316.571,0.173
1213312.188,18324.43,0.424
1213687.047,18332.194,0.659
1214093.438,18339.959,0.895
1214468.297,NA,NA
1214884.453,18347.306,0.064
1215249.547,18355.637,0.39
1215665.703,18363.121,0.581
1216030.797,18371.144,0.858
1216446.953,NA,NA
1216821.812,18379.029,0.113
1217237.969,18386.373,0.282
1217603.062,18394.748,0.615
1217999.688,18402.222,0.805
1218394.078,NA,NA
1218800.469,18410.06,0.052
1219175.328,18417.774,0.28
1219581.719,18425.653,0.534
1219966.344,18433.361,0.761
1220362.969,NA,NA
1220737.828,18441.302,0.024
1221153.984,18448.707,0.203
1221538.609,18456.628,0.464
1221945,18464.407,0.702
1222319.859,18472.19,0.94
1222726.25,NA,NA
1223120.641,18479.877,0.164
1223507.5,18487.863,0.435
1223901.891,18495.72,0.685
1224288.75,18503.708,0.957
1224683.141,NA,NA
1225079.766,18511.324,0.169
1225454.625,18519.521,0.473
1225861.016,18527.171,0.691
1226235.875,18535.099,0.953
1226642.266,NA,NA
1227007.359,18543.018,0.213
1227423.516,18551,0.483
1227788.609,18558.525,0.681
1228204.766,NA,NA
1228579.625,18566.885,0.012
1228956.719,18574.75,0.263
1229341.344,18582.806,0.545
1229747.734,18590.494,0.769
1230122.594,NA,NA
1230528.984,18598.523,0.047
1230913.609,18606.24,0.275
1231300.469,18614.542,0.596
1231675.328,18622.051,0.792
1232081.719,NA,NA
1232456.578,18630.548,0.144
1232862.969,18638.023,0.334
1233237.828,18646.017,0.606
1233644.219,18654.122,0.896
1234019.078,NA,NA
1234405.938,18661.78,0.115
1234790.562,18669.358,0.321
1235206.719,18677.111,0.555
1235591.344,18684.673,0.758
1235987.969,NA,NA
1236362.828,18692.748,0.043
1236759.453,18700.696,0.308
1237134.312,18708.088,0.485
1237550.469,18715.909,0.729
1237935.094,18723.315,0.908
1238351.25,NA,NA
1238726.109,18731.07,0.142
1239132.5,18738.476,0.321
1239517.125,18746.447,0.59
1239913.75,18754.125,0.812
1240288.609,NA,NA
1240695,18761.625,0.005
1241069.859,18769.485,0.256
1241476.25,18777.165,0.479
1241841.344,18784.588,0.66
1242257.5,18792.687,0.949
1242622.594,NA,NA
1243028.984,18800.167,0.139
1243423.375,18807.598,0.322
1243810.234,18815.284,0.545
1244194.859,18822.765,0.736
1244601.25,NA,NA
1244966.344,18830.763,0.009
1245372.734,18838.218,0.195
1245747.594,18846.178,0.462
1246144.219,18853.503,0.628
1246538.609,18861.105,0.838
1246935.234,NA,NA
1247310.094,18869.193,0.125
1247716.484,18876.677,0.316
1248081.578,18884.426,0.55
1248487.969,18892.131,0.776
1248882.359,NA,NA
1249269.219,18900.002,0.029
1249644.078,18907.855,0.279
1250060.234,18915.401,0.48
1250435.094,18923.517,0.771
1250831.719,18931.199,0.994
1251216.344,NA,NA
1251622.734,18938.799,0.203
1251997.594,18946.947,0.5
1252394.219,18954.543,0.709
1252778.844,18961.913,0.882
1253195,NA,NA
1253569.859,18969.984,0.167
1253966.484,18977.994,0.442
1254341.344,18985.317,0.607
1254757.5,18993.409,0.895
1255132.359,NA,NA
1255528.984,19000.973,0.099
1255913.609,19008.64,0.319
1256300.469,19016.489,0.568
1256685.094,19024.334,0.817
1257091.484,NA,NA
1257456.578,19032.152,0.061
1257872.734,19039.477,0.227
1258257.359,19047.406,0.489
1258663.75,19054.913,0.684
1259038.609,19062.357,0.868
1259454.766,NA,NA
1259829.625,19070.392,0.147
1260226.25,19077.952,0.35
1260610.875,19085.584,0.565
1261007.5,19093.798,0.872
1261392.125,NA,NA
1261788.75,19101.23,0.055
1262173.375,19108.903,0.276
1262570,19116.521,0.489
1262954.625,19124.444,0.75
1263351.25,19132.073,0.964
1263735.875,NA,NA
1264142.266,19139.477,0.142
1264526.891,19147.358,0.397
1264943.047,19154.735,0.571
1265317.906,19162.006,0.728
1265743.828,NA,NA
1266118.688,19170.204,0.033
1266525.078,19177.375,0.174
1266909.703,19184.894,0.371
1267325.859,19192.228,0.538
1267720.25,19200.022,0.778
1268116.875,19207.624,0.988
1268501.5,NA,NA
1268917.656,19214.783,0.128
1269312.047,19222.164,0.302
1269708.672,19229.738,0.508
1270093.297,19237.495,0.742
1270499.688,19245.287,0.983
1270874.547,NA,NA
1271290.703,19252.436,0.12
1271675.328,19260.061,0.334
1272081.719,19267.534,0.523
1272466.344,19275.387,0.773
1272862.969,19282.755,0.946
1273257.359,NA,NA
1273653.984,19290.327,0.151
1274038.609,19298.266,0.414
1274435.234,19305.574,0.578
1274829.625,19313.066,0.77
1275226.25,NA,NA
1275610.875,19320.876,0.013
1276007.5,19328.427,0.215
1276382.359,19336.092,0.435
1276788.75,19343.688,0.644
1277163.609,19351.082,0.82
1277570,NA,NA
1277954.625,19358.848,0.056
1278351.25,19366.309,0.244
1278735.875,19373.814,0.438
1279142.266,19381.328,0.634
1279517.125,19388.788,0.822
1279933.281,NA,NA
1280308.141,19396.568,0.06
1280724.297,19403.812,0.213
1281099.156,19411.494,0.435
1281505.547,19419.003,0.63
1281890.172,19426.472,0.819
1282306.328,NA,NA
1282681.188,19434.369,0.076
1283087.578,19441.792,0.257
1283462.438,19449.559,0.494
1283868.828,19457.188,0.708
1284253.453,19464.661,0.897
1284659.844,NA,NA
1285054.234,19472.38,0.125
1285450.859,19479.951,0.331
1285835.484,19487.651,0.556
1286232.109,19495.41,0.791
1286626.5,NA,NA
1287013.359,19503.148,0.022
1287397.984,19510.816,0.243
1287814.141,19518.598,0.481
1288208.531,19526.173,0.687
1288605.156,19533.886,0.915
1288980.016,NA,NA
1289405.938,19541.067,0.057
1289790.562,19548.79,0.287
1290196.953,19556.341,0.488
1290571.812,19563.786,0.673
1290987.969,NA,NA
1291362.828,19572.246,0.02
1291778.984,19579.222,0.13
1292163.609,19586.833,0.341
1292560.234,19594.905,0.626
1292944.859,19602.437,0.825
1293351.25,19609.795,0.996
1293745.641,NA,NA
1294152.031,19617.14,0.165
1294546.422,19625.077,0.428
1294933.281,19632.636,0.631
1295317.906,19639.953,0.796
1295734.062,NA,NA
1296138.219,19647.728,0.033
1296525.078,19655.22,0.225
1296919.469,19663.01,0.465
1297316.094,19670.42,0.645
1297700.719,19678.25,0.891
1298097.344,NA,NA
1298481.969,19685.869,0.103
1298888.359,19693.052,0.247
1299292.516,19700.693,0.463
1299689.141,19707.938,0.616
1300083.531,19715.276,0.784
1300489.922,NA,NA
1300874.547,19722.972,0.008
1301280.938,19730.276,0.171
1301655.797,19738.176,0.428
1302071.953,19745.373,0.574
1302446.812,19752.644,0.731
1302862.969,19760.386,0.963
1303237.828,NA,NA
1303653.984,19767.555,0.104
1304038.609,19774.937,0.279
1304445,19782.128,0.423
1304839.391,19789.752,0.637
1305236.016,19797.114,0.809
1305620.641,19804.321,0.956
1306027.031,NA,NA
1306411.656,19811.909,0.163
1306818.047,19819.211,0.325
1307192.906,19826.744,0.524
1307599.297,19834.077,0.691
1307993.688,19841.423,0.861
1308390.312,NA,NA
1308784.703,19848.943,0.057
1309191.094,19856.25,0.22
1309585.484,19863.6,0.39
1309991.875,19871.012,0.57
1310376.5,19878.438,0.752
1310782.891,19885.958,0.949
1311177.281,NA,NA
1311593.438,19893.26,0.111
1311978.062,19900.689,0.293
1312394.219,19908.128,0.477
1312769.078,19915.649,0.674
1313175.469,19923.25,0.884
1313569.859,NA,NA
1313966.484,19930.762,0.079
1314351.109,19938.292,0.278
1314757.5,19945.973,0.5
1315132.359,19953.29,0.665
1315548.516,19961.204,0.924
1315923.375,NA,NA
1316329.766,19968.666,0.112
1316733.922,19975.902,0.263
1317140.312,19983.608,0.49
1317515.172,19991.092,0.681
1317921.562,19998.758,0.901
1318315.953,NA,NA
1318712.578,20006.354,0.11
1319106.969,20013.739,0.286
1319513.359,20021.658,0.546
1319888.219,20028.781,0.68
1320304.375,20036.811,0.957
1320698.766,NA,NA
1321095.391,20043.976,0.098
1321480.016,20051.561,0.305
1321886.406,20058.948,0.481
1322280.797,20066.697,0.714
1322677.422,20074.27,0.919
1323062.047,NA,NA
1323458.672,20081.687,0.1
1323853.062,20089.18,0.292
1324249.688,20096.736,0.495
1324634.312,20104.689,0.761
1325030.938,20112.222,0.96
1325415.562,NA,NA
1325812.188,20119.84,0.172
1326206.578,20127.362,0.369
1326603.203,20135.462,0.658
1326978.062,20142.818,0.829
1327384.453,NA,NA
1327769.078,20150.697,0.083
1328165.703,20158.374,0.305
1328540.562,20166.234,0.556
1328937.188,20173.913,0.778
1329331.578,20181.509,0.987
1329728.203,NA,NA
1330112.828,20189.35,0.235
1330509.453,20197.009,0.454
1330894.078,20204.97,0.721
1331290.703,20212.626,0.939
1331675.328,NA,NA
1332091.484,20220.116,0.131
1332476.109,20228.187,0.416
1332862.969,20236.154,0.684
1333247.594,20243.836,0.907
1333653.984,NA,NA
1334028.844,20251.605,0.143
1334435.234,20259.041,0.326
1334829.625,20266.787,0.559
1335216.484,20274.645,0.81
1335601.109,NA,NA
1336007.5,20282.55,0.068
1336382.359,20290.121,0.273
1336798.516,20297.849,0.503
1337183.141,20305.278,0.685
1337579.766,20313.466,0.989
1337964.391,NA,NA
1338361.016,20320.978,0.184
1338735.875,20328.998,0.46
1339142.266,20336.634,0.676
1339507.359,20344.278,0.892
1339913.75,NA,NA
1340308.141,20351.98,0.118
1340704.766,20359.586,0.329
1341079.625,20367.582,0.601
1341486.016,20375.151,0.806
1341870.641,20382.369,0.955
1342286.797,NA,NA
1342681.188,20390.121,0.189
1343077.812,20397.771,0.406
1343462.438,20405.12,0.576
1343878.594,20413.156,0.855
1344253.453,20420.237,0.982
1344669.609,NA,NA
1345054.234,20427.9,0.201
1345460.625,20435.424,0.399
1345845.25,20442.831,0.578
1346251.641,20450.914,0.864
1346636.266,20457.954,0.985
1347052.422,NA,NA
1347437.047,20465.617,0.204
1347843.438,20473.355,0.436
1348228.062,20480.644,0.596
1348644.219,20488.812,0.896
1349019.078,NA,NA
1349435.234,20495.779,0.005
1349819.859,20503.52,0.237
1350226.25,20511.43,0.496
1350601.109,20518.726,0.657
1351007.5,NA,NA
1351372.594,20527.218,0.008
1351788.75,20534.287,0.133
1352173.375,20541.799,0.329
1352579.766,20549.254,0.515
1352974.156,20556.554,0.677
1353390.312,20564.377,0.922
1353765.172,NA,NA
1354171.562,20571.728,0.092
1354556.188,20579.222,0.285
1354962.578,20586.728,0.479
1355347.203,20594.401,0.701
1355753.594,20601.989,0.908
1356138.219,NA,NA
1356554.375,20609.176,0.052
1356948.766,20616.791,0.264
1357335.625,20624.361,0.469
1357720.25,20632.001,0.685
1358146.172,20639.794,0.925
1358511.266,NA,NA
1358917.656,20647.255,0.113
1359302.281,20654.898,0.329
1359708.672,20662.484,0.536
1360093.297,20670.077,0.745
1360499.688,20677.811,0.976
1360884.312,NA,NA
1361290.703,20685.302,0.168
1361685.094,20693.284,0.438
1362081.719,20700.721,0.622
1362466.344,20708.254,0.821
1362872.734,NA,NA
1363267.125,20715.969,0.049
1363673.516,20723.395,0.231
1364048.375,20731.484,0.518
1364464.531,20738.701,0.667
1364849.156,20746.092,0.843
1365265.312,NA,NA
1365640.172,20753.993,0.101
1366056.328,20761.305,0.264
1366440.953,20769.268,0.532
1366847.344,20776.73,0.719
1367231.969,20784.23,0.913
1367638.359,NA,NA
1368032.75,20791.849,0.126
1368448.906,20799.065,0.274
1368843.297,20806.898,0.521
1369259.453,20814.231,0.688
1369644.078,20821.733,0.882
1370060.234,NA,NA
1370444.859,20829.998,0.197
1370851.25,20837.205,0.344
1371245.641,20844.94,0.575
1371661.797,20852.926,0.846
1372036.656,NA,NA
1372443.047,20860.302,0.02
1372837.438,20868.338,0.299
1373243.828,20875.723,0.475
1373638.219,20883.722,0.748
1374044.609,NA,NA
1374419.469,20892.007,0.066
1374835.625,20899.219,0.214
1375230.016,20907.28,0.497
1375636.406,20915.335,0.779
1376021.031,20922.581,0.932
1376437.188,NA,NA
1376821.812,20930.932,0.261
1377228.203,20938.772,0.509
1377612.828,20946.606,0.756
1378019.219,NA,NA
1378413.609,20954.584,0.026
1378820,20962.503,0.286
1379204.625,20970.381,0.54
1379611.016,20978.451,0.824
1379995.641,NA,NA
1380402.031,20986.289,0.072
1380806.188,20993.973,0.295
1381202.812,21001.818,0.543
1381597.203,21009.664,0.792
1382003.594,NA,NA
1382378.453,21017.603,0.055
1382784.844,21025.599,0.328
1383169.469,21033.906,0.65
1383585.625,21041.177,0.807
1383980.016,NA,NA
1384386.406,21048.926,0.041
1384771.031,21056.599,0.262
1385187.188,21064.5,0.519
1385581.578,21071.887,0.695
1385987.969,NA,NA
1386382.359,21080.111,0.004
1386798.516,21087.374,0.16
1387183.141,21095.444,0.444
1387599.297,21103.373,0.706
1387974.156,21110.911,0.906
1388400.078,NA,NA
1388784.703,21118.983,0.191
1389200.859,21126.293,0.354
1389585.484,21134.21,0.614
1390001.641,21142.212,0.888
1390386.266,NA,NA
1390802.422,21149.456,0.041
1391187.047,21157.19,0.271
1391603.203,21165.179,0.543
1391987.828,21172.77,0.751
1392394.219,NA,NA
1392778.844,21180.982,0.058
1393195,21188.436,0.244
1393579.625,21196.143,0.471
1393986.016,21204.199,0.753
1394380.406,21211.557,0.924
1394786.797,NA,NA
1395181.188,21219.627,0.209
1395597.344,21226.974,0.378
1395972.203,21234.946,0.647
1396378.594,21243.054,0.937
1396763.219,NA,NA
1397179.375,21250.205,0.075
1397573.766,21257.828,0.288
1397980.156,21265.655,0.534
1398384.312,21272.922,0.691
1398790.703,21281.067,0.987
1399185.094,NA,NA
1399601.25,21288.224,0.126
1399995.641,21296.076,0.376
1400411.797,21303.465,0.552
1400796.422,21311.288,0.797
1401212.578,NA,NA
1401616.734,21319.084,0.038
1402023.125,21326.373,0.198
1402427.281,21334.085,0.425
1402833.672,21341.667,0.632
1403237.828,21348.977,0.795
1403644.219,NA,NA
1404038.609,21356.809,0.042
1404454.766,21364.544,0.273
1404858.922,21371.726,0.416
1405275.078,21379.553,0.662
1405669.469,21386.791,0.813
1406085.625,NA,NA
1406470.25,21394.982,0.117
1406886.406,21402.299,0.282
1407261.266,21410.054,0.516
1407677.422,21417.765,0.743
1408052.281,21425.278,0.939
1408468.438,NA,NA
1408853.062,21433.016,0.17
1409269.219,21440.376,0.342
1409663.609,21447.809,0.525
1410079.766,21455.536,0.755
1410464.391,21462.796,0.91
1410890.312,NA,NA
1411265.172,21470.724,0.172
1411671.562,21478.181,0.359
1412065.953,21485.705,0.556
1412472.344,21493.347,0.772
1412866.734,21500.944,0.981
1413263.359,NA,NA
1413657.75,21508.495,0.183
1414073.906,21515.931,0.367
1414458.531,21523.359,0.549
1414874.688,21531.243,0.804
1415249.547,21538.628,0.979
1415665.703,NA,NA
1416050.328,21546.475,0.228
1416456.719,21553.928,0.414
1416841.344,21561.454,0.612
1417257.5,21569.079,0.825
1417642.125,21576.303,0.975
1418058.281,NA,NA
1418442.906,21583.966,0.195
1418859.062,21591.278,0.359
1419263.219,21598.598,0.524
1419669.609,21606.221,0.737
1420054.234,21613.279,0.86
1420489.922,NA,NA
1420884.312,21620.931,0.078
1421290.703,21628.215,0.237
1421675.328,21635.765,0.439
1422091.484,21643.285,0.636
1422476.109,21650.528,0.789
1422902.031,NA,NA
1423286.656,21658.177,0.006
1423683.281,21665.791,0.218
1424067.906,21673.304,0.414
1424484.062,21680.621,0.578
1424878.453,21687.901,0.737
1425294.609,21695.704,0.979
1425679.234,NA,NA
1426085.625,21703.02,0.143
1426480.016,21710.398,0.317
1426896.172,21717.757,0.488
1427280.797,21725.031,0.646
1427706.719,21732.699,0.867
1428091.344,21739.817,0.999
1428517.266,NA,NA
1428901.891,21747.525,0.226
1429318.047,21754.788,0.382
1429702.672,21762.239,0.568
1430118.828,21769.752,0.764
1430513.219,21777.016,0.92
1430929.375,NA,NA
1431314,21784.703,0.143
1431739.922,21791.872,0.284
1432134.312,21799.124,0.438
1432560.234,21806.602,0.629
1432944.859,21813.996,0.805
1433361.016,NA,NA
1433745.641,21821.825,0.051
1434161.797,21829.032,0.198
1434556.188,21836.602,0.403
1434962.578,21844.071,0.592
1435356.969,21851.467,0.769
1435773.125,NA,NA
1436157.75,21859.283,0.013
1436564.141,21866.63,0.182
1436958.531,21874.146,0.378
1437374.688,21881.66,0.574
1437749.547,21889.017,0.745
1438175.469,21896.409,0.922
1438579.625,NA,NA
1438986.016,21903.901,0.114
1439380.406,21911.424,0.312
1439786.797,21919.299,0.565
1440171.422,21926.779,0.755
1440568.047,21934.434,0.974
1440962.438,NA,NA
1441359.062,21942.173,0.205
1441753.453,21950.004,0.452
1442159.844,21957.389,0.627
1442544.469,21965.415,0.904
1442950.859,NA,NA
1443335.484,21973.015,0.114
1443761.406,21980.587,0.319
1444136.266,21988.017,0.502
1444552.422,21995.716,0.727
1444937.047,22003.47,0.961
1445353.203,NA,NA
1445747.594,22010.932,0.149
1446153.984,22018.385,0.335
1446548.375,22026.44,0.617
1446945,22033.993,0.819
1447329.625,22041.312,0.984
1447745.781,NA,NA
1448140.172,22048.931,0.196
1448546.562,22056.313,0.371
1448940.953,22064.205,0.627
1449357.109,22071.595,0.803
1449751.5,22078.713,0.936
1450157.891,NA,NA
1450542.516,22086.445,0.167
1450958.672,22093.66,0.315
1451353.062,22100.966,0.478
1451769.219,22108.432,0.666
1452163.609,22115.792,0.838
1452570,NA,NA
1452964.391,22123.383,0.046
1453370.781,22130.72,0.214
1453765.172,22138.332,0.425
1454181.328,22145.517,0.569
1454565.953,22152.849,0.735
1454982.109,22160.388,0.935
1455376.5,NA,NA
1455792.656,22167.524,0.071
1456177.281,22175.039,0.267
1456603.203,22182.078,0.387
1456997.594,22189.443,0.56
1457403.984,22196.735,0.72
1457808.141,22203.965,0.871
1458214.531,NA,NA
1458608.922,22211.408,0.055
1459025.078,22218.633,0.205
1459409.703,22225.911,0.364
1459825.859,22233.179,0.52
1460210.484,22240.383,0.667
1460626.641,22247.659,0.825
1461030.797,22254.854,0.97
1461437.188,NA,NA
1461821.812,22262.361,0.165
1462247.734,22269.254,0.262
1462642.125,22276.457,0.408
1463058.281,22283.732,0.566
1463442.906,22290.808,0.692
1463859.062,22298.332,0.89
1464253.453,NA,NA
1464659.844,22305.408,0.016
1465044.469,22312.852,0.201
1465460.625,22319.89,0.321
1465845.25,22327.184,0.482
1466251.641,22334.563,0.656
1466636.266,22341.806,0.809
1467042.656,NA,NA
1467427.281,22349.316,0.004
1467843.438,22356.347,0.123
1468237.828,22363.483,0.259
1468644.219,22370.766,0.418
1469028.844,22378.034,0.575
1469445,22385.167,0.71
1469839.391,22392.313,0.847
1470255.547,NA,NA
1470640.172,22399.775,0.035
1471036.797,22407.099,0.201
1471411.656,22414.399,0.362
1471837.578,22421.467,0.487
1472222.203,22428.656,0.631
1472638.359,22436.178,0.829
1473013.219,22443.482,0.991
1473419.609,NA,NA
1473814,22450.888,0.17
1474220.391,22458.01,0.303
1474614.781,22465.189,0.446
1475021.172,22472.539,0.616
1475405.797,22479.843,0.778
1475812.188,22487.24,0.955
1476206.578,NA,NA
1476612.969,22494.49,0.109
1476997.594,22501.814,0.275
1477413.75,22508.955,0.411
1477808.141,22516.176,0.561
1478214.531,22523.551,0.734
1478599.156,22530.607,0.857
1479015.312,NA,NA
1479409.703,22537.96,0.028
1479816.094,22545.162,0.174
1480200.719,22552.455,0.335
1480616.875,22559.61,0.474
1481001.5,22566.897,0.633
1481417.656,22574.146,0.787
1481812.047,22581.221,0.913
1482228.203,NA,NA
1482612.828,22588.719,0.106
1483019.219,22595.997,0.265
1483403.844,22603.307,0.428
1483820,22610.639,0.595
1484194.859,22617.897,0.75
1484611.016,22625.652,0.984
1484985.875,NA,NA
1485392.266,22632.879,0.135
1485776.891,22640.236,0.305
1486183.281,22647.59,0.476
1486577.672,22654.815,0.626
1486984.062,22662.136,0.791
1487378.453,22669.348,0.939
1487784.844,NA,NA
1488179.234,22676.708,0.11
1488585.625,22683.841,0.245
1488970.25,22691.205,0.418
1489386.406,22698.546,0.586
1489761.266,22705.825,0.744
1490177.422,22713.208,0.919
1490571.812,NA,NA
1490978.203,22720.419,0.067
1491362.828,22727.861,0.251
1491769.219,22735.03,0.392
1492163.609,22742.224,0.537
1492570,22749.512,0.697
1492964.391,22756.788,0.855
1493370.781,NA,NA
1493765.172,22764.129,0.024
1494181.328,22771.222,0.153
1494565.953,22778.591,0.325
1494962.578,22786.072,0.516
1495337.438,22793.364,0.677
1495753.594,22800.908,0.877
1496138.219,NA,NA
1496544.609,22808.001,0.006
1496939,22815.359,0.177
1497345.391,22822.601,0.33
1497720.25,22829.934,0.497
1498136.406,22837.254,0.662
1498521.031,22844.678,0.843
1498937.188,22851.888,0.991
1499331.578,NA,NA
1499728.203,22859.27,0.166
1500112.828,22866.567,0.327
1500528.984,22873.929,0.499
1500903.844,22881.126,0.644
1501320,22888.792,0.864
1501694.859,22895.897,0.995
1502111.016,NA,NA
1502485.875,22903.666,0.232
1502892.266,22910.784,0.364
1503286.656,22917.967,0.508
1503693.047,22925.535,0.712
1504077.672,22932.83,0.873
1504474.297,NA,NA
1504849.156,22940.618,0.113
1505255.547,22947.899,0.272
1505640.172,22955.318,0.452
1506046.562,22963.017,0.678
1506411.656,22970.302,0.837
1506827.812,NA,NA
1507202.672,22978.127,0.082
1507618.828,22985.202,0.208
1508003.453,22992.599,0.386
1508419.609,22999.862,0.542
1508804.234,23007.411,0.743
1509200.859,23015.229,0.987
1509575.719,NA,NA
1509991.875,23022.312,0.115
1510376.5,23029.637,0.281
1510802.422,23036.869,0.432
1511167.516,23044.419,0.633
1511583.672,23051.94,0.83
1511968.297,NA,NA
1512364.922,23059.34,0.008
1512749.547,23066.879,0.208
1513165.703,23074.694,0.452
1513540.562,23081.815,0.585
1513956.719,23089.377,0.789
1514341.344,23096.942,0.993
1514737.969,NA,NA
1515122.594,23104.639,0.218
1515528.984,23112.12,0.408
1515903.844,23119.887,0.644
1516320,23127.955,0.928
1516694.859,NA,NA
1517101.25,23135.06,0.059
1517485.875,23142.721,0.278
1517892.266,23150.519,0.519
1518267.125,23157.748,0.67
1518683.281,23165.91,0.969
1519067.906,NA,NA
1519474.297,23173.101,0.114
1519858.922,23180.62,0.31
1520265.312,23188.535,0.57
1520640.172,23195.779,0.723
1521056.328,23203.378,0.932
1521450.719,NA,NA
1521857.109,23210.956,0.138
1522231.969,23218.59,0.353
1522648.125,23225.967,0.527
1523032.75,23233.711,0.76
1523448.906,23241.134,0.941
1523833.531,NA,NA
1524239.922,23248.424,0.102
1524634.312,23255.935,0.297
1525040.703,23263.281,0.466
1525425.328,23270.903,0.679
1525841.484,23278.978,0.964
1526216.344,NA,NA
1526632.5,23285.929,0.071
1527007.359,23293.484,0.273
1527423.516,23301.311,0.519
1527798.375,23308.466,0.658
1528214.531,23316.01,0.858
1528608.922,NA,NA
1529005.547,23323.605,0.067
1529399.938,23331.116,0.262
1529796.562,23338.681,0.467
1530181.188,23346.26,0.673
1530577.812,NA,NA
1530952.672,23354.635,0.006
1531368.828,23361.65,0.122
1531763.219,23368.998,0.292
1532150.078,23376.714,0.52
1532544.469,23384.273,0.723
1532931.328,23392.153,0.977
1533315.953,NA,NA
1533722.344,23399.616,0.164
1534097.203,23407.187,0.37
1534513.359,23414.646,0.557
1534888.219,23422.237,0.765
1535294.609,NA,NA
1535669.469,23430.263,0.042
1536085.625,23437.496,0.193
1536470.25,23445.048,0.395
1536866.875,23452.805,0.63
1537241.734,23460.283,0.82
1537648.125,NA,NA
1538022.984,23468.208,0.081
1538429.375,23475.815,0.292
1538794.469,23483.457,0.508
1539210.625,23491.129,0.729
1539585.484,23498.684,0.932
1539982.109,NA,NA
1540356.969,23506.632,0.197
1540753.594,23514.076,0.381
1541147.984,23521.861,0.62
1541534.844,23529.796,0.883
1541909.703,NA,NA
1542316.094,23537.33,0.082
1542690.953,23545.156,0.328
1543087.578,23553.023,0.58
1543462.438,23560.649,0.794
1543868.828,NA,NA
1544263.219,23568.371,0.023
1544650.078,23576.16,0.262
1545034.703,23583.845,0.485
1545441.094,23591.602,0.72
1545815.953,23599.159,0.923
1546222.344,NA,NA
1546606.969,23606.989,0.169
1547003.594,23614.635,0.386
1547388.219,23622.371,0.617
1547784.844,23630.26,0.873
1548159.703,NA,NA
1548566.094,23637.685,0.054
1548950.719,23645.3,0.266
1549357.109,23652.807,0.461
1549731.969,23660.646,0.709
1550138.359,23667.989,0.877
1550542.516,NA,NA
1550939.141,23675.614,0.091
1551333.531,23683.064,0.277
1551739.922,23690.599,0.476
1552124.547,23698.073,0.665
1552530.938,23705.943,0.918
1552915.562,NA,NA
1553312.188,23713.506,0.122
1553696.812,23721.099,0.33
1554103.203,23728.634,0.529
1554497.594,23736.144,0.725
1554894.219,23743.915,0.961
1555278.844,NA,NA
1555685.234,23751.531,0.174
1556069.859,23759.036,0.368
1556486.016,23766.929,0.624
1556860.875,23774.394,0.812
1557267.266,NA,NA
1557632.359,23782.394,0.086
1558048.516,23790.124,0.316
1558433.141,23797.621,0.509
1558829.766,23805.632,0.784
1559224.156,23813.26,0.998
1559620.781,NA,NA
1560005.406,23820.786,0.196
1560411.797,23828.646,0.447
1560806.188,23836.364,0.675
1561202.812,23843.904,0.875
1561597.203,NA,NA
1562003.594,23851.9,0.148
1562378.453,23859.861,0.415
1562784.844,23867.641,0.653
1563169.469,23875.469,0.899
1563566.094,NA,NA
1563950.719,23883.101,0.114
1564366.875,23890.634,0.312
1564741.734,23898.672,0.592
1565157.891,23906.669,0.865
1565532.75,NA,NA
1565939.141,23914.019,0.034
1566314,23922.291,0.351
1566730.156,23930.01,0.579
1567114.781,23937.434,0.761
1567521.172,NA,NA
1567896.031,23945.943,0.115
1568312.188,23953.242,0.277
1568687.047,23961.449,0.583
1569093.438,23969.626,0.884
1569468.297,NA,NA
1569874.688,23976.992,0.057
1570249.547,23985.311,0.381
1570665.703,23992.572,0.536
1571050.328,24000.644,0.821
1571456.719,NA,NA
1571831.578,24008.827,0.124
1572247.734,24015.989,0.263
1572632.359,24024.136,0.56
1573019.219,24032.19,0.842
1573403.844,24039.432,0.995
1573810.234,NA,NA
1574185.094,24047.403,0.263
1574591.484,24055.327,0.524
1574966.344,24062.584,0.679
1575382.5,NA,NA
1575757.359,24070.986,0.016
1576163.75,24078.19,0.163
1576558.141,24086.077,0.418
1576954.766,24093.659,0.625
1577329.625,24101.185,0.823
1577736.016,NA,NA
1578130.406,24108.933,0.056
1578517.266,24116.625,0.28
1578901.891,24124.398,0.517
1579298.516,24132.15,0.751
1579673.375,24139.401,0.905
1580089.531,NA,NA
1580464.391,24147.388,0.176
1580870.781,24154.698,0.34
1581274.938,24162.08,0.514
1581671.562,24169.965,0.769
1582046.422,24177.341,0.943
1582462.578,NA,NA
1582856.969,24184.979,0.159
1583253.594,24192.524,0.36
1583638.219,24199.94,0.54
1584054.375,24207.617,0.762
1584429.234,24215.062,0.947
1584835.625,NA,NA
1585210.484,24222.986,0.208
1585616.875,24230.632,0.425
1585981.969,24238.096,0.613
1586407.891,24245.827,0.843
1586782.75,24252.908,0.97
1587208.672,NA,NA
1587583.531,24260.731,0.215
1587989.922,24268.434,0.441
1588355.016,24275.991,0.644
1588771.172,24283.649,0.863
1589155.797,NA,NA
1589562.188,24291.009,0.034
1589937.047,24298.753,0.267
1590353.203,24306.291,0.466
1590728.062,24313.848,0.669
1591134.453,24321.769,0.93
1591509.312,NA,NA
1591935.234,24329.006,0.082
1592300.328,24336.89,0.336
1592706.719,24344.479,0.544
1593091.344,24352.146,0.764
1593497.734,NA,NA
1593872.594,24360.086,0.028
1594278.984,24367.663,0.234
1594663.609,24375.318,0.452
1595060.234,24383.068,0.686
1595444.859,24390.716,0.903
1595841.484,NA,NA
1596216.344,24398.639,0.164
1596622.734,24406.125,0.356
1596997.594,24413.699,0.561
1597413.75,24421.574,0.814
1597778.844,24428.873,0.976
1598195,NA,NA
1598569.859,24436.763,0.232
1598976.25,24444.184,0.413
1599360.875,24451.695,0.608
1599767.266,24459.38,0.831
1600151.891,NA,NA
1600548.516,24466.916,0.031
1600923.375,24474.632,0.259
1601339.531,24481.831,0.404
1601733.922,24489.765,0.667
1602101.25,24497.444,0.889
1602495.641,NA,NA
1602902.031,24504.858,0.069
1603276.891,24512.504,0.286
1603693.047,24520.1,0.495
1604048.375,24527.675,0.701
1604464.531,24535.396,0.93
1604839.391,NA,NA
1605245.781,24542.897,0.123
1605620.641,24550.451,0.326
1606027.031,24557.81,0.497
1606421.422,24565.258,0.682
1606818.047,24573.12,0.934
1607192.906,NA,NA
1607609.062,24580.31,0.078
1607993.688,24587.949,0.294
1608400.078,24595.319,0.467
1608774.938,24602.748,0.649
1609191.094,24610.376,0.863
1609575.719,NA,NA
1609991.875,24617.571,0.008
1610376.5,24625.17,0.217
1610792.656,24632.418,0.371
1611187.047,24639.832,0.551
1611593.438,24647.54,0.778
1611968.297,24654.82,0.936
1612384.453,NA,NA
1612759.312,24662.675,0.187
1613175.469,24669.94,0.343
1613550.328,24677.558,0.555
1613956.719,24685.385,0.801
1614331.578,24692.601,0.95
1614757.5,NA,NA
1615132.359,24700.435,0.196
1615558.281,24707.62,0.34
1615942.906,24715.166,0.541
1616359.062,24722.771,0.751
1616743.688,24730.182,0.931
1617159.844,NA,NA
1617534.703,24738.068,0.186
1617950.859,24745.549,0.377
1618325.719,24753.1,0.578
1618751.641,24761.057,0.845
1619116.734,NA,NA
1619532.891,24768.563,0.039
1619917.516,24776.253,0.263
1620333.672,24783.66,0.442
1620728.062,24791.68,0.718
1621134.453,NA,NA
1621519.078,24799.796,0.01
1621905.938,24807.291,0.203
1622310.094,24815.269,0.473
1622696.953,24822.924,0.691
1623071.812,24830.604,0.913
1623478.203,NA,NA
1623862.828,24838.908,0.235
1624259.453,24846.355,0.42
1624634.312,24854.212,0.671
1625060.234,24862.387,0.972
1625425.328,NA,NA
1625821.953,24869.796,0.151
1626206.578,24877.925,0.445
1626603.203,24885.919,0.717
1626978.062,24893.355,0.9
1627384.453,NA,NA
1627759.312,24901.48,0.194
1628165.703,24909.26,0.432
1628560.094,24916.856,0.641
1628946.953,24924.815,0.907
1629331.578,NA,NA
1629737.969,24932.546,0.138
1630122.594,24940.628,0.424
1630528.984,24948.226,0.633
1630933.141,24956.024,0.875
1631329.766,NA,NA
1631724.156,24963.55,0.072
1632150.078,24971.146,0.281
1632544.469,24978.493,0.451
1632960.625,24986.56,0.735
1633335.484,24994.063,0.929
1633761.406,NA,NA
1634155.797,25001.432,0.101
1634581.719,25009.06,0.316
1634956.578,NA,NA
1635392.266,NA,NA
1635776.891,NA,NA
1636212.578,NA,NA
