"timestamp.ms","jerk.cost.m2s5"
71509.312,NA
72319.859,51764.577
73130.406,52125.124
73882.359,49342.754
74663.609,54750.778
75415.562,49348.483
76187.047,54148.515
76919.469,42358.345
77730.016,55768.011
78511.266,50815.437
79292.516,44927.407
80083.531,46884.854
80855.016,51245.522
81636.266,52935.293
82388.219,44403.94
83179.234,50080.391
83950.719,52361.265
84731.969,51610.132
85522.984,46298.585
86304.234,50095.183
87065.953,51235.339
87876.5,51361.238
88647.984,50505.189
89419.469,51114.1
90190.953,43280.852
90972.203,53067.99
91743.688,46000.998
92534.703,43571.129
93315.953,50363.6
94097.203,52442.688
94878.453,50959.91
95659.703,48032.254
96450.719,51231.744
97231.969,45369.696
98042.516,47349.253
98833.531,46348.632
99614.781,42201.767
100415.562,48956.78
101206.578,46815.5
101987.828,47254.62
102759.312,41512.385
103550.328,46062.176
104312.047,42367.007
105103.062,47185.367
105894.078,43870.588
106665.562,48225.917
107466.344,51875.05
108247.594,46043.04
109019.078,48034.565
109800.328,46485.987
110581.578,51148.223
111362.828,48564.591
112144.078,41442.136
112915.562,45485.867
113696.812,44258.167
114478.062,47539.024
115249.547,51471.816
116021.031,44578.291
116792.516,44019.912
117573.766,51635.293
118335.484,40741.091
119136.266,49440.841
119907.75,49431.988
120689,48834.98
121460.484,45966.947
122241.734,49037.928
123022.984,45254.213
123794.469,55219.56
124565.953,48164.605
125327.672,51261.151
126089.391,45859.416
126831.578,46171.843
127632.359,53788.233
128403.844,52501.342
129175.328,44423.94
129946.812,47310.813
130718.297,54638.013
131499.547,50214.364
132280.797,53765.836
133022.984,38681.368
133823.766,56496.884
134595.25,48055.669
135366.734,46147.507
136138.219,46675.925
136919.469,52914.948
137690.953,44333.598
138462.438,45302.853
139204.625,42428.466
139995.641,55774.494
140767.125,50379.474
141538.609,48955.072
142310.094,54669.572
143071.812,47835.296
143843.297,48790.562
144614.781,48544.858
145356.969,42740.71
146147.984,45082.643
146919.469,43047.5
147690.953,43511.559
148462.438,48659.291
149233.922,48932.212
149985.875,41782.635
150776.891,51765.148
151528.844,45003.177
152329.625,54202.191
153101.109,48621.386
153882.359,40713.626
154653.844,43439.591
155454.625,46399.364
156206.578,44614.814
156997.594,53973.786
157749.547,45544.989
158521.031,42042.209
159302.281,52406.223
160073.766,42566.621
160845.25,48207.479
161597.203,40175.243
162368.688,48019.088
163169.469,51016.558
163940.953,48024.588
164712.438,49704.689
165454.625,41377.424
166255.406,53255.322
166997.594,45963.266
167769.078,43749.377
168560.094,56890.067
169331.578,48043.264
170083.531,39116.823
170845.25,46835.447
171616.734,45628.456
172407.75,45575.587
173179.234,46434.18
173960.484,41907.218
174731.969,43626.446
175503.453,46340.447
176294.469,49854.684
177046.422,42873.503
177847.203,50150.577
178628.453,47832.042
179380.406,40373.52
180171.422,53774.404
180933.141,45535.008
181704.625,45293.375
182466.344,50698.699
183208.531,40932.318
184009.312,55084.139
184790.562,51620.484
185562.047,49949.325
186333.531,46378.41
187085.484,44333.106
187866.734,45299.023
188657.75,56047.055
189439,44595.757
190220.25,49644.626
190991.734,46680.091
191782.75,55376.37
192544.469,49570.817
193345.25,45012.899
194126.5,52950.492
194917.516,49553.758
195679.234,48001.31
196460.484,54936.851
197231.969,50654.801
198013.219,44107.782
198814,47663.946
199595.25,43436.279
200356.969,41876.906
201147.984,40928.192
201948.766,51784.692
202720.25,44076.224
203521.031,50687.485
204302.281,46629.2
205073.766,46389.529
205864.781,47916.652
206646.031,51216.729
207417.516,47339.203
208218.297,51521.653
208980.016,48765.667
209780.797,50338.096
210562.047,46869.192
211343.297,42583.975
212153.844,51012.979
212915.562,43430.255
213716.344,47915.968
214497.594,48473.69
215288.609,46382.505
216069.859,51186.018
216851.109,46817.345
217603.062,40702.036
218403.844,53013.613
219165.562,46312.928
219937.047,49460.171
220718.297,45725.18
221480.016,44917.728
222271.031,54684.982
223062.047,55319.116
223814,40404.194
224614.781,46290.652
225396.031,36158.034
226187.047,47698.735
226968.297,45895.148
227739.781,37088.963
228550.328,50862.012
229331.578,46934.774
230122.594,47123.307
230913.609,46816.001
231704.625,50987.543
232476.109,46228.998
233276.891,46968.933
234048.375,42302.781
234849.156,47295.537
235649.938,45771.199
236431.188,48558.892
237202.672,43790.693
238013.219,50101.82
238804.234,49265
239585.484,43350.809
240376.5,44048.994
241177.281,46370.759
241948.766,50611.089
242749.547,51370.294
243530.797,44543.016
244312.047,49742.776
245122.594,50471.5
245913.609,44605.367
246704.625,37098.966
247495.641,38845.359
248286.656,38172.222
249087.438,55404.679
249868.688,35411.304
250669.469,40766.372
251440.953,43314.134
252241.734,50626.772
253022.984,46423.172
253823.766,45072.454
254614.781,36423.272
255405.797,47316.141
256187.047,44192.763
256987.828,49396.223
257769.078,37564.089
258560.094,46341.73
259360.875,39154.281
260142.125,39242.644
260933.141,48696.892
261724.156,50467.715
262524.938,44695.779
263325.719,48027.313
264116.734,46595.392
264897.984,51340.729
265679.234,49414.029
266470.25,41400.037
267261.266,49875.419
268052.281,44484.535
268833.531,46270.611
269624.547,43314.676
270415.562,51073.971
271196.812,41884.982
271987.828,52032.215
272749.547,40285.567
273550.328,42753.077
274341.344,52911.986
275103.062,48551.193
275874.547,52318.623
276675.328,51440.252
277446.812,46068.734
278237.828,47034.695
279019.078,51373.258
279790.562,51143.953
280562.047,51720.312
281353.062,51159.431
282134.312,52279.058
282886.266,50300.26
283696.812,43331.88
284458.531,46243.323
285249.547,49842.7
286021.031,46933.139
286802.281,49550.039
287583.531,56976.983
288345.25,46811.737
289126.5,41592.015
289888.219,45143.24
290669.469,41598.464
291440.953,47441.913
292222.203,45362.645
293013.219,47285.96
293774.938,45295.519
294556.188,52081.999
295327.672,40994.307
296099.156,46908.126
296880.406,43218.691
297661.656,45152.726
298452.672,52917.411
299214.391,51562.216
299985.875,46996.565
300767.125,46971.734
301567.906,54291.744
302349.156,54661.543
303120.641,49080.186
303911.656,41595.871
304683.141,53111.085
305454.625,38439.044
306216.344,45892.943
307007.359,49357.375
307798.375,47834.07
308560.094,46474.859
309341.344,46428.182
310132.359,48600.67
310913.609,45583.33
311694.859,38794.721
312476.109,45630.904
313257.359,50907.593
314038.609,45870.627
314829.625,51006.276
315601.109,46616.004
316382.359,47820.103
317183.141,50695.211
317944.859,44644.123
318735.875,49401.537
319497.594,46787.053
320288.609,46584.341
321050.328,41220.178
321841.344,46420.166
322632.359,48467.795
323423.375,46683.576
324224.156,45020.535
325015.172,49682.218
325786.656,42368.963
326587.438,54204.472
327368.688,42037.551
328149.938,38849.715
328940.953,43974.967
329722.203,43112.601
330493.688,44119.862
331284.703,46785.075
332085.484,54398.779
332866.734,46084.626
333657.75,52473.535
334419.469,46256.589
335210.484,44628.939
335991.734,45320.409
336782.75,50649.008
337554.234,48862.254
338315.953,42859.575
339087.438,46881.594
339868.688,44702.377
340640.172,53318.704
341401.891,40120.002
342163.609,46042.857
342954.625,49908.652
343735.875,48455.375
344517.125,45242.422
345288.609,44642.016
346079.625,53351.011
346831.578,46518.131
347603.062,49203.382
348384.312,49877.443
349185.094,54521.095
349946.812,44777.998
350747.594,49939.674
351499.547,38234.032
352300.328,51939.437
353081.578,50705.243
353833.531,39402.614
354605.016,53497.245
355396.031,49068.33
356167.516,49501.703
356958.531,45008.566
357730.016,41873.722
358521.031,46097.29
359302.281,49995.543
360064,39113.842
360835.484,53082.557
361606.969,51473.587
362378.453,50549.704
363159.703,47082.2
363940.953,50727.637
364702.672,44016.864
365493.688,44437.479
366265.172,47030.642
367017.125,46635.258
367808.141,45714.427
368560.094,43815.707
369360.875,49306.964
370112.828,45388.456
370884.312,43584.603
371665.562,42049.859
372446.812,50264.158
373218.297,42127.823
373970.25,41216.524
374741.734,52543.849
375513.219,49532.338
376265.172,43722.24
377056.188,51619.805
377798.375,40960.263
378589.391,57750.044
379351.109,41907.389
380103.062,42821.565
380864.781,49590.663
381655.797,54329.494
382417.516,39818.541
383179.234,45027.193
383940.953,43114.047
384712.438,48976.476
385513.219,55079.071
386294.469,45128.869
387056.188,48892.9
387837.438,46824.132
388608.922,47558.556
389399.938,54207.564
390171.422,50880.927
390933.141,46367.18
391714.391,44496.228
392505.406,48217.252
393296.422,56761.728
394058.141,38995.42
394829.625,44125.939
395610.875,45254.746
396401.891,52254.098
397153.844,40735.026
397925.328,42703.269
398706.578,46945.549
399468.297,41294.235
400249.547,53249.116
401040.562,43165.084
401812.047,51965.47
402583.531,43979.668
403364.781,48579.917
404136.266,41874.765
404888.219,45392.281
405659.703,44292.45
406450.719,56593.544
407202.672,38665.243
407983.922,42385.657
408755.406,47386.253
409526.891,52379.938
410298.375,39800.947
411069.859,51317.037
411841.344,44770.596
412632.359,49771.474
413403.844,43784.518
414185.094,47937.396
414956.578,46430.138
415728.062,49349.731
416519.078,48224.78
417300.328,48025.074
418071.812,42852.9
418833.531,49061.877
419605.016,52727.947
420405.797,46894.701
421157.75,38684.064
421948.766,46104.569
422749.547,48168.551
423521.031,42723.495
424302.281,45432.394
425083.531,51035.396
425864.781,51328.655
426606.969,45611.302
427388.219,48625.279
428149.938,47815.929
428921.422,50296.351
429702.672,48563.188
430493.688,51147.125
431245.641,41264.832
432026.891,51410.956
432788.609,47094.956
433560.094,44526.876
434331.578,44922.946
435103.062,42135.392
435884.312,47054.087
436675.328,50238.062
437437.047,46069.487
438208.531,47441.951
438970.25,51406.257
439761.266,54996.089
440522.984,46488.115
441274.938,47079.451
442056.188,46744.244
442808.141,47749.381
443579.625,41947.585
444360.875,48738.767
445132.359,48416.709
445913.609,47141.704
446685.094,54985.806
447466.344,45769.132
448237.828,45142.142
449028.844,51885.657
449800.328,43946.86
450581.578,48100.136
451353.062,45162.487
452124.547,42977.896
452915.562,44821.092
453696.812,42258.063
454487.828,46829.331
455259.312,39534.006
456040.562,40996.649
456812.047,51225.503
457593.297,49656.949
458364.781,44879.631
459136.266,49786.48
459907.75,39829.144
460689,50587.668
461470.25,50999.129
462251.5,48278.515
463022.984,46362.166
463823.766,49954.81
464585.515,42213.225
465366.734,45049.42
466147.984,47127.433
466929.234,42932.498
467720.25,45791.973
468511.266,45708.176
469302.281,43492.328
470093.297,48186.964
470874.547,44014.814
471626.5,35218.911
472417.516,48361.978
473198.766,45883.015
473980.016,45477.795
474771.031,43890.923
475571.812,43695.679
476353.062,39612.04
477124.547,43411.085
477925.328,44255.035
478687.047,43641.697
479458.531,38910.483
480230.016,42251.713
481011.266,44448.827
481772.984,38413.609
482564,39503.699
483325.719,43414.018
484097.203,45139.878
484878.453,39252.177
485649.938,45120.143
486421.422,44469.464
487202.672,47731.49
487983.922,46212.912
488755.406,43427.3
489556.188,53398.939
490337.438,48681.939
491108.922,46203.557
491880.406,37349.241
492661.656,45361.309
493442.906,45199.589
494243.688,43858.35
495005.406,40312.92
495796.422,43919.97
496558.141,36049.684
497339.391,41331.341
498140.172,44055.881
498911.656,33777.049
499702.672,45015.85
500503.453,46875.116
501265.172,42913.517
502046.422,38962.011
502817.906,40519.959
503628.453,50685.712
504399.938,39313.008
505181.188,46441.462
505972.203,45082.905
506733.922,38042.162
507505.406,39719.412
508276.891,49371.789
509038.609,41587.669
509829.625,51875.622
510601.109,46204.085
511362.828,47606.771
512153.844,44510.499
512925.328,38336.952
513696.812,47518.754
514478.062,40632.016
515239.781,37582.332
516011.266,50158.694
516782.75,38039.599
517534.703,38953.318
518306.188,44828.886
519106.969,44425.31
519868.688,42193.161
520649.938,45096.792
521431.188,39248.284
522212.438,44315.474
522993.688,44854.301
523774.938,39176.871
524536.656,41107.317
525317.906,40792.393
526089.391,46030.065
526880.406,47223.61
527642.125,44672.774
528413.609,42617.44
529214.391,43967.972
529985.875,44040.697
530747.594,37108.247
531538.609,39414.805
532300.328,38771.19
533081.578,45466.212
533872.594,42551.666
534644.078,44482.404
535435.094,48193.4
536196.812,41387.23
536978.062,38157.038
537759.312,48094.638
538521.031,37802.91
539302.281,47765.993
540073.766,38623.794
540855.016,40413.402
541636.266,39259.748
542388.219,36090.687
543179.234,48146.215
543950.719,54194.118
544722.203,49546.9
545483.922,38905.318
546245.641,39129.696
547017.125,44773.857
547769.078,42044.114
548550.328,50878.916
549321.812,40180.618
550083.531,46335.648
550825.719,38410.215
551606.969,50941.797
552368.688,47981.934
553130.406,34519.631
553911.656,45523.113
554673.375,35293.382
555454.625,46801.406
556226.109,47948.416
556997.594,48333.722
557759.312,41183.808
558530.797,43090.302
559292.516,46037.494
560064,45019.255
560815.953,46888.283
561587.438,49564.701
562378.453,44886.568
563130.406,40849.004
563911.656,46741.08
564663.609,44232.112
565454.625,53146.911
566226.109,46093.633
566997.594,50028.209
567759.312,40240.872
568530.797,53134.843
569282.75,40296.949
570064,48523.88
570845.25,50693.677
571616.734,48618.683
572368.688,48240.131
573120.641,38478.575
573911.656,44782.486
574663.609,37510.092
575444.859,44617.354
576216.344,47659.091
576968.297,43071.474
577749.547,49724.472
578521.031,40860.74
579312.047,45107.493
580083.531,47361.202
580835.484,41209.565
581616.734,51389.859
582378.453,39210.804
583179.234,52489.854
583950.719,42547.418
584722.203,45601.107
585493.688,42801.774
586255.406,38413.087
587026.891,49070.374
587798.375,42225.909
588560.094,42463.589
589321.812,37704.834
590112.828,49016.374
590874.547,39733.502
591665.562,43427.225
592427.281,40596.773
593208.531,49040.478
593970.25,37041.176
594741.734,48552.228
595522.984,40792.719
596294.469,44393.71
597065.953,41503.124
597856.969,48009.483
598628.453,43274.953
599409.703,43898.067
600171.422,40222.335
600952.672,42109.862
601733.922,42717.907
602534.703,48291.36
603296.422,48219.522
604077.672,44717.433
604858.922,44514.49
605630.406,40291.556
606411.656,45831.367
607183.141,47642.761
607964.391,40039.509
608755.406,48165.057
609536.656,46358.133
610298.375,42645.958
611099.156,43120.568
611860.875,42713.108
612651.891,51934.291
613442.906,46760.933
614214.391,46985.923
614995.641,39949.459
615776.891,43071.168
616577.672,46199.413
617339.391,44741.483
618110.875,44268.824
618911.656,48334.216
619692.906,40418.206
620454.625,41947.242
621235.875,44852.199
622017.125,44989.206
622827.672,42759.069
623618.688,39701.728
624419.469,45173.099
625200.719,38595.413
626001.5,43202.057
626772.984,40858.206
627573.766,49341.344
628345.25,36725.666
629146.031,44275.575
629927.281,37693.666
630718.297,47147.714
631480.016,41120.368
632261.266,38299.128
633042.516,47222.52
633833.531,45440.911
634614.781,40254.103
635396.031,42236.757
636187.047,48350.761
636987.828,40301.213
637798.375,40453.748
638560.094,39553.854
639360.875,50511.419
640142.125,44235.064
640933.141,43972.902
641724.156,36962.908
642534.703,45759.535
643306.188,45643.197
644106.969,48281.137
644907.75,50282.722
645698.766,50202.825
646489.781,38419.181
647300.328,42886.373
648071.812,42007.943
648872.594,44674.502
649673.375,41693.99
650454.625,37439.179
651265.172,48710.962
652046.422,44727.986
652847.203,43925.687
653657.75,44383.878
654458.531,44013.916
655259.312,40903.995
656040.562,39796.479
656851.109,44381.157
657642.125,47724.304
658442.906,47134.076
659243.688,49660.022
660024.938,43973.211
660815.953,45870.374
661597.203,46626.416
662388.219,45971.017
663179.234,44156.29
663970.25,42814.738
664761.266,41801.671
665562.047,47977.774
666343.297,40106.111
667114.781,37722.586
667905.797,42045.249
668696.812,43599.74
669478.062,38123.878
670269.078,44859.695
671060.094,45004.057
671860.875,39508.702
672651.891,40469.324
673442.906,41763.147
674214.391,38055.985
675024.938,40983.721
675835.484,41891.585
676606.969,36881.362
677407.75,46802.991
678198.766,41550.13
678999.547,47618.976
679800.328,45046.458
680571.812,40957.44
681372.594,42517.642
682163.609,38851.537
682974.156,43944.449
683755.406,35948.198
684556.188,36471.744
685366.734,42100.43
686157.75,31407.888
686958.531,35142.168
687769.078,42910
688589.391,46282.38
689390.172,40829.511
690210.484,43378.434
691001.5,36701.505
691812.047,38309.366
692622.594,40251.169
693423.375,33452.517
694243.688,37465.002
695073.766,42139.758
695864.781,33315.153
696665.562,41028.484
697485.875,45051.534
698276.891,44138.019
699087.438,38633.303
699907.75,35597.13
700698.766,36573.996
701509.312,35819.097
702300.328,40387.151
703110.875,46764.991
703892.125,39743.289
704692.906,38637.88
705493.688,43227.151
706314,37967.374
707105.016,41388.196
707896.031,40128.317
708696.812,42697.57
709507.359,36559.893
710327.672,47015.058
711108.922,32957.342
711909.703,41838.531
712710.484,39711.219
713501.5,38621.05
714312.047,46089.831
715112.828,40357.691
715903.844,39487.864
716694.859,37770.406
717485.875,47168.905
718286.656,33838.33
719077.672,35632.958
719888.219,39998.342
720669.469,41305.182
721470.25,33846.887
722251.5,32889.947
723052.281,40502.029
723843.297,43584.543
724653.844,40078.086
725454.625,40363.229
726255.406,42380.046
727046.422,35546.276
727847.203,33237.971
728647.984,35181.649
729439,41102.741
730239.781,34400.687
731050.328,45381.64
731841.344,40186.791
732622.594,35087.54
733423.375,43637.972
734243.688,46289.899
735024.938,41170.904
735806.188,42398.303
736597.203,43194.808
737397.984,43704.661
738189,42925.72
738960.484,38284.171
739751.5,48517.509
740542.516,43960.858
741343.297,46813.148
742124.547,41555.981
742925.328,40096.29
743716.344,44825.976
744487.828,40936.937
745298.375,46247.641
746069.859,39461.243
746851.109,42924.679
747642.125,49168.381
748433.141,49389.587
749214.391,47315.414
750024.938,46954.646
750796.422,39100.436
751587.438,46691.78
752388.219,45372.875
753159.703,34810.613
753950.719,46216.618
754761.266,43491.085
755542.516,36497.074
756314,35293.744
757124.547,48577.089
757886.266,39603.82
758687.047,47817.87
759487.828,49506.1
760259.312,46867.469
761060.094,46865.111
761870.641,48904.653
762651.891,41528.607
763433.141,43816.34
764224.156,38646.735
765015.172,41067.039
765835.484,46115.78
766616.734,43829.163
767417.516,39130.023
768208.531,49832.299
768989.781,44524.108
769780.797,43167.492
770571.812,45066.28
771362.828,42678.925
772153.844,48354.824
772944.859,45779.328
773755.406,47742.733
774546.422,47541.579
775347.203,42415.087
776128.453,44148.291
776948.766,48266.496
777739.781,41253.175
778511.266,41588.563
779321.812,45421.389
780112.828,42880.579
780903.844,41365.544
781704.625,37163.646
782495.641,43914.004
783286.656,41172.687
784077.672,41821.089
784878.453,46486.698
785659.703,40739.103
786450.719,43320.492
787251.5,44893.321
788042.516,45559.713
788833.531,41312.017
789634.312,39254.58
790435.094,45072.327
791226.109,39282.356
792036.656,45310.783
792837.438,48392.56
793638.219,39459.517
794419.469,35682.038
795220.25,35761.407
796011.266,40782.537
796812.047,39103.566
797603.062,37271.217
798403.844,48613.049
799204.625,41232.333
800005.406,39769.257
800786.656,40579.732
801587.438,47633.526
802368.688,41799.27
803159.703,41375.355
803940.953,37715.16
804722.203,45836.774
805522.984,44116.817
806314,43301.35
807075.719,37856.912
807866.734,42644.248
808667.516,43578.8
809448.766,44569.73
810239.781,41027.914
811040.562,39022.325
811821.812,35891.236
812622.594,42081.124
813433.141,41814.089
814194.859,37412.44
814985.875,49519.4
815776.891,47836.977
816558.141,37591.464
817368.688,46375.057
818149.938,42393.225
818931.188,38122.083
819722.203,39746.108
820513.219,35886.056
821304.234,38548.604
822095.25,38660.932
822866.734,39478.864
823667.516,42777.103
824429.234,32474.617
825220.25,40728.114
826011.266,45216.153
826792.516,39636.818
827583.531,41191.005
828374.547,45426.959
829175.328,39434.495
829966.344,44409.068
830737.828,41650.951
831528.844,47168.968
832319.859,36720.812
833101.109,38845.246
833892.125,46997.884
834653.844,43290.801
835435.094,46061.408
836226.109,38845.83
836997.594,44362.917
837778.844,42905.616
838560.094,42173.246
839341.344,40410.245
840122.594,40583.428
840933.141,40196.324
841694.859,33410.468
842476.109,39839.655
843276.891,42089.538
844058.141,39636.629
844829.625,37245.898
845630.406,44934.774
846421.422,46565.275
847192.906,36224.454
847983.922,39958.412
848755.406,37884.32
849536.656,43162.34
850317.906,37257.693
851118.688,43440.201
851919.469,49437.245
852700.719,44507.73
853481.969,47959.454
854243.688,44742.742
855034.703,45394.062
855806.188,39797.86
856567.906,34450.31
857358.922,44133.291
858140.172,42953.504
858921.422,35854.922
859722.203,45564.41
860483.922,33925.391
861274.938,39238.073
862056.188,37390.854
862837.438,39762.657
863618.688,44363.043
864399.938,44397.993
865171.422,38649.729
865962.438,44194.938
866753.453,38678.107
867544.469,49591.785
868325.719,39402.172
869097.203,32975.706
869878.453,40248.27
870659.703,43045.544
871460.484,45494.772
872251.5,44509.338
873042.516,49344.938
873794.469,41509.643
874575.719,43525.651
875356.969,46144.507
876147.984,41337.775
876929.234,42827.127
877690.953,41418.437
878462.438,45121.728
879243.688,43582.34
880054.234,43238.553
880815.953,35742.418
881606.969,41919.139
882417.516,40503.569
883189,35895.398
883980.016,39607.985
884771.031,41422.195
885542.516,41769.58
886343.297,43235.896
887134.312,38626.085
887935.094,41738.814
888716.344,36772.662
889517.125,40934.747
890308.141,41662.358
891089.391,37622.762
891870.641,35813.166
892671.422,40316.377
893472.203,38312.324
894253.453,38794.222
895054.234,38106.452
895835.484,38938.484
896626.5,38071.576
897427.281,40931.202
898218.297,39314.647
898989.781,35124.608
899790.562,41948.257
900571.812,39817.523
901333.531,39320.26
902124.547,47621.117
902905.797,40560.374
903706.578,47375.575
904478.062,39235.071
905249.547,38560.866
906050.328,47861.744
906851.109,46488.183
907622.594,42700.21
908403.844,41965.551
909194.859,41739.746
909995.641,44354.729
910767.125,37737.422
911567.906,41975.431
912339.391,38987.133
913140.172,36811.051
913901.891,37646.911
914702.672,42703.015
915464.391,33495.64
916265.172,40294.072
917046.422,33953.289
917847.203,43507.34
918618.688,35015.324
919419.469,46190.96
920181.188,41819.046
920962.438,44998.207
921743.688,39445.519
922534.703,45683.949
923325.719,45296.299
924116.734,41368.396
924897.984,39676.556
925698.766,50448.656
926480.016,45790.792
927251.5,37906.989
928042.516,43330.939
928843.297,46746.783
929614.781,34718.608
930405.797,40079.308
931196.812,41789.914
931978.062,40225.607
932778.844,47683.654
933579.625,46606.674
934360.875,41385.201
935142.125,42974.173
935933.141,47694.524
936733.922,40096.645
937515.172,44228.111
938296.422,44906.951
939097.203,35203.166
939868.688,37583.244
940659.703,44986.103
941450.719,46270.143
942251.5,37408.033
943032.75,38731.001
943833.531,39400.158
944634.312,40388.834
945415.562,42013.994
946216.344,43629.422
947017.125,38591.194
947808.141,39714.103
948589.391,40052.524
949399.938,44762.91
950181.188,35255.785
950981.969,37086.194
951772.984,39460.339
952554.234,41729.479
953345.25,41813.891
954126.5,39108.232
954917.516,43011.113
955698.766,39979.204
956480.016,36334.954
957271.031,37760.005
958071.812,47390.827
958853.062,37096.793
959644.078,43089.769
960435.094,43763.287
961226.109,42269.146
962017.125,44816.841
962817.906,44816.329
963599.156,34429.29
964380.406,41678.364
965171.422,38586.512
965952.672,37421.901
966724.156,36473.533
967505.406,37816.498
968296.422,38791.408
969087.438,35977.71
969868.688,38506.808
970649.938,34202.478
971460.484,33983.983
972271.031,34539.147
973062.047,35704.07
973833.531,32491.79
974624.547,39786.438
975425.328,36491.744
976226.109,37822.648
976997.594,37080.692
977788.609,33660.799
978579.625,37808.757
979370.641,39100.822
980151.891,34816.281
980933.141,37700.167
981714.391,32338.343
982505.406,36834.435
983296.422,36249.872
984087.438,37006.821
984858.922,34715.009
985649.938,34998.111
986460.484,33716.865
987241.734,39399.226
988022.984,41065.113
988804.234,37583.317
989595.25,37303.695
990366.734,37508.363
991167.516,36362.279
991948.766,34931.064
992730.016,39468.713
993521.031,34885.521
994302.281,37751.96
995112.828,40079.971
995894.078,40417.025
996694.859,44656.647
997485.875,35857.101
998286.656,45158.087
999058.141,40802.99
999839.391,40561.254
1000591.344,37811.616
1001382.359,47258.843
1002153.844,43387.103
1002925.328,38737.576
1003706.578,41627.735
1004497.594,46965.919
1005278.844,39480.791
1006050.328,38670.95
1006841.344,42461.294
1007622.594,39517.216
1008423.375,43527.258
1009214.391,42202.838
1009995.641,40144.623
1010776.891,37686.348
1011567.906,38854.67
1012358.922,43547.753
1013149.938,44533.284
1013950.719,38283.545
1014741.734,40310.386
1015522.984,40656.409
1016294.469,41749.52
1017075.719,44008.633
1017866.734,42862.108
1018657.75,41523.395
1019439,43817.647
1020210.484,41384.47
1021001.5,41274.048
1021763.219,38677.834
1022534.703,45662.454
1023325.719,40905.282
1024097.203,36643.224
1024878.453,42625.475
1025669.469,40099.276
1026460.484,44880.583
1027241.734,36699.565
1028022.984,36119.037
1028823.766,47633.383
1029595.25,42493.126
1030396.031,45694.561
1031147.984,38218.256
1031929.234,44272.642
1032710.484,39541.636
1033501.5,42669.635
1034282.75,41360.903
1035073.766,43443.343
1035864.781,42538.478
1036655.797,39348.703
1037437.047,42909.796
1038189,37197.688
1038989.781,47188.731
1039761.266,43271.455
1040532.75,39221.754
1041314,39095.097
1042105.016,42152.781
1042876.5,39757.005
1043657.75,40115.16
1044439,44476.93
1045230.016,42828.497
1046001.5,29650.185
1046782.75,34622.833
1047564,42466.024
1048364.781,45003.301
1049116.734,37095.83
1049907.75,42196.623
1050669.469,40757.346
1051470.25,41236.569
1052241.734,37251.516
1053022.984,44493.287
1053814,41992.888
1054605.016,40557.435
1055376.5,37086.321
1056157.75,38248.92
1056929.234,37109.067
1057710.484,40209.882
1058481.969,38251.083
1059253.453,43547.719
1060034.703,46565.155
1060796.422,43452.653
1061587.438,47845.96
1062358.922,43102.646
1063149.938,48003.405
1063901.891,40757.553
1064702.672,48384.56
1065454.625,42421.575
1066245.641,40902.251
1067046.422,48712.011
1067827.672,37725.603
1068618.688,43188.058
1069409.703,32591.716
1070181.188,36995.174
1070981.969,41312.773
1071753.453,33718.716
1072564,43069.535
1073355.016,40602.398
1074146.031,39109.044
1074937.047,34718.545
1075718.297,41042.359
1076509.312,36699.903
1077290.562,43883.816
1078081.578,35440.492
1078862.828,40006.901
1079663.609,38364.138
1080454.625,39684.659
1081245.641,40082.663
1082036.656,41769.758
1082817.906,41763.082
1083618.688,39484.323
1084390.172,34738.191
1085181.188,36767.315
1085962.438,36249.886
1086743.688,37345.181
1087544.469,41278.342
1088325.719,37953.035
1089087.438,37378.433
1089888.219,38062.976
1090679.234,34204.197
1091470.25,41500.855
1092271.031,41421.634
1093052.281,39018.494
1093853.062,39534.295
1094644.078,38231.953
1095435.094,37557.708
1096226.109,35762.623
1096997.594,34479.976
1097769.078,33086.813
1098560.094,45365.454
1099360.875,40487.897
1100132.359,36775.372
1100933.141,45219.36
1101724.156,38295.259
1102524.938,42345.725
1103296.422,33689.913
1104077.672,40181.982
1104888.219,44219.878
1105669.469,39264.349
1106470.25,42892.707
1107231.969,39801.937
1108022.984,41599.914
1108823.766,43542.042
1109585.484,40073.662
1110366.734,42554.108
1111177.281,45499.697
1111968.297,42693.272
1112730.016,36356.156
1113521.031,37923.317
1114302.281,39076.655
1115093.297,42046.646
1115894.078,34820.413
1116694.859,41507.027
1117485.875,38524.294
1118276.891,40472.948
1119058.141,39191.626
1119858.922,41053.864
1120620.641,30482.318
1121421.422,41289.477
1122183.141,36153.474
1122954.625,38512.703
1123735.875,40838.918
1124517.125,41588.236
1125308.141,41142.636
1126079.625,37933.37
1126880.406,42174.976
1127651.891,40708.908
1128433.141,38800.526
1129214.391,35665.961
1129985.875,38797.055
1130776.891,44434.499
1131548.375,37679.538
1132329.625,39848.004
1133120.641,45678.817
1133911.656,39175.192
1134673.375,33737.707
1135444.859,41167.261
1136226.109,40893.224
1136997.594,39518.791
1137788.609,38483.139
1138579.625,41587.433
1139390.172,40079.871
1140171.422,36237.172
1140962.438,36845.2
1141763.219,37972.228
1142554.234,39661.495
1143355.016,38114.803
1144155.797,42055.271
1144946.812,36429.761
1145728.062,39037.784
1146528.844,37414.847
1147339.391,37458.775
1148110.875,37181.338
1148921.422,38116.003
1149722.203,34736.194
1150513.219,39594.626
1151294.469,38876.434
1152095.25,37429.445
1152876.5,35104.259
1153677.281,42322.985
1154468.297,42359.437
1155239.781,37835.484
1156040.562,41449.843
1156831.578,37159.18
1157612.828,37465.112
1158394.078,39865.644
1159175.328,43444.704
1159966.344,40822.655
1160728.062,37330.9
1161519.078,36650.384
1162290.562,37368.108
1163071.812,40585.186
1163872.594,44301.423
1164653.844,34403.314
1165435.094,31356.081
1166226.109,36038.864
1167017.125,36053.598
1167808.141,38344.662
1168589.391,35647.567
1169399.938,41204.488
1170171.422,36535.37
1170962.438,38455.591
1171743.688,39625.259
1172544.469,41253.597
1173345.25,35560.251
1174136.266,36859.284
1174937.047,36921.212
1175718.297,37050.566
1176499.547,34778.965
1177280.797,36828.205
1178062.047,40284.862
1178843.297,35708.87
1179634.312,41426.212
1180444.859,41252.495
1181235.875,35828.322
1182036.656,32914.04
1182827.672,35626.168
1183628.453,34393.35
1184419.469,36502.002
1185210.484,37967.726
1186001.5,36578.735
1186792.516,35882.203
1187573.766,36462.058
1188364.781,34910.744
1189155.797,41013.299
1189937.047,37634.439
1190747.594,43076.919
1191528.844,35237.086
1192319.859,34288.98
1193110.875,36120.551
1193892.125,32214.678
1194702.672,40270.956
1195493.688,37467.567
1196284.703,31275.483
1197085.484,36756.178
1197876.5,34334.667
1198667.516,43836.01
1199468.297,37746.766
1200259.312,35466.032
1201040.562,36288.015
1201841.344,37638.325
1202632.359,38278.055
1203433.141,37616.713
1204214.391,28802.685
1205005.406,37578.368
1205825.719,40110.396
1206606.969,33594.478
1207397.984,30423.446
1208198.766,41981.666
1208970.25,32455.946
1209761.266,36416.04
1210542.516,40011.089
1211333.531,41705.383
1212124.547,42821.932
1212905.797,34654.169
1213687.047,34124.51
1214468.297,39057.978
1215249.547,38829.524
1216030.797,33637.292
1216821.812,40155.129
1217603.062,43326.956
1218394.078,39449.933
1219175.328,42112.219
1219966.344,47668.117
1220737.828,33751.214
1221538.609,38043.393
1222319.859,39245.616
1223120.641,42824.416
1223901.891,33646.399
1224683.141,34238.917
1225454.625,38582.035
1226235.875,41275.342
1227007.359,41867.052
1227788.609,41465.766
1228579.625,49095.618
1229341.344,36255.132
1230122.594,44330.209
1230913.609,45284.62
1231675.328,44065.586
1232456.578,36667.879
1233237.828,45507.153
1234019.078,39376.907
1234790.562,42900.966
1235591.344,46929.704
1236362.828,37669.825
1237134.312,44048.895
1237935.094,35877.46
1238726.109,33258.358
1239517.125,37264.922
1240288.609,43850.329
1241069.859,37651.653
1241841.344,37641.16
1242622.594,44697.641
1243423.375,47476.779
1244194.859,44687.975
1244966.344,44839.631
1245747.594,43931.988
1246538.609,42305.888
1247310.094,40871.74
1248081.578,38514.105
1248882.359,47507.527
1249644.078,32513.102
1250435.094,39283.432
1251216.344,42157.186
1251997.594,42103.466
1252778.844,49506.572
1253569.859,41404.739
1254341.344,39628.899
1255132.359,36105.855
1255913.609,42218.923
1256685.094,44806.753
1257456.578,42132.94
1258257.359,35344.577
1259038.609,36849.344
1259829.625,43841.115
1260610.875,44242.548
1261392.125,35155.996
1262173.375,45083.457
1262954.625,39296.413
1263735.875,39046.401
1264526.891,43507.301
1265317.906,33983.846
1266118.688,36932.037
1266909.703,42116.7
1267720.25,47256.937
1268501.5,42858.558
1269312.047,42698.951
1270093.297,38588.034
1270874.547,38713.57
1271675.328,41202.166
1272466.344,41731.849
1273257.359,35673.832
1274038.609,39370.567
1274829.625,42057.636
1275610.875,38619.719
1276382.359,37918.107
1277163.609,36515.517
1277954.625,40540.898
1278735.875,38119.475
1279517.125,41450.988
1280308.141,41503.574
1281099.156,40977.936
1281890.172,42545.528
1282681.188,41480.214
1283462.438,38820.366
1284253.453,40268.825
1285054.234,44603.165
1285835.484,42570.55
1286626.5,41939
1287397.984,35384.724
1288208.531,39665.886
1288980.016,37274.411
1289790.562,36138.775
1290571.812,35789.441
1291362.828,33022.311
1292163.609,37787.454
1292944.859,39796.736
1293745.641,43224.862
1294546.422,40397.483
1295317.906,34155.07
1296138.219,42537.626
1296919.469,38787.383
1297700.719,37375.412
1298481.969,35295.468
1299292.516,39591.731
1300083.531,38273.247
1300874.547,44053.275
1301655.797,39717.975
1302446.812,38623.491
1303237.828,34827.99
1304038.609,38222.828
1304839.391,44479.947
1305620.641,36374.648
1306411.656,40056.616
1307192.906,36353.794
1307993.688,39067.143
1308784.703,33154.616
1309585.484,35552.267
1310376.5,36978.207
1311177.281,32684.715
1311978.062,35321.176
1312769.078,36426.911
1313569.859,36815.245
1314351.109,31903.623
1315132.359,33276.109
1315923.375,39285.655
1316733.922,42340.267
1317515.172,35087.213
1318315.953,36108.136
1319106.969,36446.758
1319888.219,36108.077
1320698.766,42311.68
1321480.016,37673.835
1322280.797,39587.879
1323062.047,35154.436
1323853.062,36242.094
1324634.312,38400.471
1325415.562,38283.332
1326206.578,38080.132
1326978.062,38254.592
1327769.078,39765.354
1328540.562,35077.133
1329331.578,38044.89
1330112.828,34813.72
1330894.078,35151.837
1331675.328,31662.237
1332476.109,38864.672
1333247.594,41468.1
1334028.844,40713.459
1334829.625,44071.142
1335601.109,38513.543
1336382.359,43436.251
1337183.141,39055.937
1337964.391,37147.392
1338735.875,33312.531
1339507.359,36201.619
1340308.141,42311.715
1341079.625,34170.364
1341870.641,41328.664
1342681.188,36723.632
1343462.438,36333.083
1344253.453,39590.527
1345054.234,40785.327
1345845.25,40577.386
1346636.266,42460.901
1347437.047,35440.794
1348228.062,34250.482
1349019.078,37712.067
1349819.859,34982.512
1350601.109,40592.358
1351372.594,41995.235
1352173.375,37203.933
1352974.156,36453.625
1353765.172,43216.311
1354556.188,36875.35
1355347.203,35545.602
1356138.219,35501.559
1356948.766,37543.428
1357720.25,28508.751
1358511.266,34663.873
1359302.281,37373.499
1360093.297,41103.29
1360884.312,33202.196
1361685.094,38652.64
1362466.344,33192.215
1363267.125,40281.585
1364048.375,37444.966
1364849.156,42283.014
1365640.172,39339.792
1366440.953,34938.418
1367231.969,34362.164
1368032.75,34784.471
1368843.297,39210.257
1369644.078,36421.751
1370444.859,34209.3
1371245.641,40791.539
1372036.656,34474.049
1372837.438,40921.032
1373638.219,35832.339
1374419.469,33303.229
1375230.016,38169.783
1376021.031,33863.99
1376821.812,38656.821
1377612.828,37597.183
1378413.609,37995.76
1379204.625,34988.96
1379995.641,39269.378
1380806.188,38276.131
1381597.203,33028.56
1382378.453,36294.571
1383169.469,37438.132
1383980.016,35003.749
1384771.031,33104.745
1385581.578,41415.179
1386382.359,31069.113
1387183.141,39314.497
1387974.156,34048.315
1388784.703,36561.311
1389585.484,37460.537
1390386.266,36137.792
1391187.047,35593.229
1391987.828,37281.802
1392778.844,35526.738
1393579.625,34225.326
1394380.406,37273.432
1395181.188,35365.946
1395972.203,30458.13
1396763.219,37459.473
1397573.766,39557.115
1398384.312,38188.449
1399185.094,36305.406
1399995.641,36483.245
1400796.422,35278.759
1401616.734,39560.787
1402427.281,31639.166
1403237.828,33812.677
1404038.609,35767.23
1404858.922,39271.386
1405669.469,35284.473
1406470.25,35128.299
1407261.266,41791.491
1408052.281,36942.437
1408853.062,35698.094
1409663.609,39308.322
1410464.391,38629.619
1411265.172,43027.085
1412065.953,37781.762
1412866.734,41475.574
1413657.75,39312.039
1414458.531,38150.799
1415249.547,37007.236
1416050.328,40914.167
1416841.344,41777.486
1417642.125,35224.448
1418442.906,39723.955
1419263.219,42031.833
1420054.234,32996.623
1420884.312,41162.557
1421675.328,33989.244
1422476.109,34125.163
1423286.656,38553.172
1424067.906,33390.876
1424878.453,38313.041
1425679.234,38355.672
1426480.016,32114.239
1427280.797,33429.133
1428091.344,34929.398
1428901.891,35694.728
1429702.672,38104.598
1430513.219,37392.298
1431314,28612.533
1432134.312,35155.576
1432944.859,33912.882
1433745.641,36332.478
1434556.188,33942.785
1435356.969,33360.08
1436157.75,29214.711
1436958.531,35171.121
1437749.547,37358.254
1438579.625,37234.556
1439380.406,33319.149
1440171.422,36641.791
1440962.438,38582.648
1441753.453,35979.759
1442544.469,38840.259
1443335.484,31950.322
1444136.266,40522.811
1444937.047,38721.439
1445747.594,37430.754
1446548.375,38697.59
1447329.625,40333.214
1448140.172,39680.137
1448940.953,37623.123
1449751.5,39773.45
1450542.516,37859.458
1451353.062,40924.279
1452163.609,38747.339
1452964.391,35640.726
1453765.172,36845.162
1454565.953,35166.781
1455376.5,35371.517
1456177.281,34964.096
1456997.594,39318.882
1457808.141,38376.123
1458608.922,35584.161
1459409.703,35684.227
1460210.484,33797.307
1461030.797,39036.511
1461821.812,34357.216
1462642.125,35864.099
1463442.906,34821.431
1464253.453,39169.598
1465044.469,36914.622
1465845.25,39472.026
1466636.266,40196.264
1467427.281,34756.131
1468237.828,37505.231
1469028.844,35819.931
1469839.391,38674.91
1470640.172,39700.971
1471411.656,37505.411
1472222.203,40111.831
1473013.219,35674.266
1473814,33770.638
1474614.781,33785.379
1475405.797,37422.818
1476206.578,38520.508
1476997.594,36386.322
1477808.141,33598.027
1478599.156,32246.334
1479409.703,38353.438
1480200.719,32585.064
1481001.5,34736.998
1481812.047,36242.685
1482612.828,29807.563
1483403.844,34497.615
1484194.859,33970.683
1484985.875,41110.092
1485776.891,40104.236
1486577.672,42357.297
1487378.453,35625.582
1488179.234,37619.91
1488970.25,35134.358
1489761.266,36863.852
1490571.812,35454.887
1491362.828,36280.812
1492163.609,38245.57
1492964.391,38595.313
1493765.172,41712.927
1494565.953,39492.693
1495337.438,36949.446
1496138.219,41743.905
1496939,39729.918
1497720.25,33435.701
1498521.031,39748.498
1499331.578,36411.151
1500112.828,38539.356
1500903.844,37002.736
1501694.859,33167.284
1502485.875,38715.339
1503286.656,38026.702
1504077.672,40607.031
1504849.156,28423.377
1505640.172,41369.08
1506411.656,36681.424
1507202.672,39606.092
1508003.453,40720.405
1508804.234,45093.994
1509575.719,42487.778
1510376.5,43337.609
1511167.516,40741.789
1511968.297,40143.162
1512749.547,36319.294
1513540.562,38454.88
1514341.344,41931.572
1515122.594,38800.898
1515903.844,34255.65
1516694.859,36663.543
1517485.875,33017.562
1518267.125,34716.939
1519067.906,38401.567
1519858.922,38999.248
1520640.172,37638.077
1521450.719,36352.362
1522231.969,35702.973
1523032.75,37077.029
1523833.531,32491.845
1524634.312,38320.425
1525425.328,36475.63
1526216.344,38915.536
1527007.359,31921.228
1527798.375,38588.555
1528608.922,36366.539
1529399.938,40381.14
1530181.188,33802.318
1530952.672,32205.935
1531763.219,45862.28
1532544.469,40162.251
1533315.953,33747.344
1534097.203,37488.773
1534888.219,38983.909
1535669.469,38168.73
1536470.25,38980.818
1537241.734,35981.361
1538022.984,40706.052
1538794.469,39619.186
1539585.484,39249.592
1540356.969,39786.105
1541147.984,37927.986
1541909.703,35381.722
1542690.953,40691.701
1543462.438,40155.685
1544263.219,38260.881
1545034.703,36399.429
1545815.953,40293.634
1546606.969,42699.933
1547388.219,39811.137
1548159.703,36423.082
1548950.719,45846.246
1549731.969,33134.4
1550542.516,38576.389
1551333.531,35372.184
1552124.547,37544.63
1552915.562,35798.592
1553696.812,33242.488
1554497.594,36197.642
1555278.844,39767.744
1556069.859,38028.894
1556860.875,36109.269
1557632.359,31830.014
1558433.141,38001.399
1559224.156,39505.316
1560005.406,35453.716
1560806.188,35972.681
1561597.203,36670.64
1562378.453,37369.114
1563169.469,40401.047
1563950.719,38615.6
1564741.734,30019.155
1565532.75,34620.797
1566314,35691.699
1567114.781,40191.132
1567896.031,34030.756
1568687.047,34781.755
1569468.297,32292.261
1570249.547,38793.029
1571050.328,40698.779
1571831.578,43335.878
1572632.359,44789.982
1573403.844,40339.789
1574185.094,42321.93
1574966.344,41338.645
1575757.359,41281.401
1576558.141,49502.389
1577329.625,38465.603
1578130.406,45873.13
1578901.891,34989.833
1579673.375,36664.169
1580464.391,42300.009
1581274.938,36942.175
1582046.422,35418.88
1582856.969,42113.604
1583638.219,37080.103
1584429.234,36702.345
1585210.484,35385.662
1585981.969,39259.243
1586782.75,37890.781
1587583.531,38541.806
1588355.016,36136.782
1589155.797,34846.737
1589937.047,30876.685
1590728.062,38640.493
1591509.312,38236.107
1592300.328,38830.446
1593091.344,46995.2
1593872.594,36893.504
1594663.609,44095.572
1595444.859,44318.397
1596216.344,41368.371
1596997.594,40081.615
1597778.844,43346.048
1598569.859,41092.428
1599360.875,47166.748
1600151.891,45885.94
1600923.375,39174.445
1601733.922,44688.316
1602495.641,38388.608
1603276.891,41146.533
1604048.375,40857.442
1604839.391,43836.068
1605620.641,43460.256
1606421.422,44566.164
1607192.906,40920.901
1607993.688,43470.791
1608774.938,38648.101
1609575.719,41469.517
1610376.5,33956.027
1611187.047,42890.824
1611968.297,41247.272
1612759.312,40595.481
1613550.328,38104.197
1614331.578,34616.508
1615132.359,40249.682
1615942.906,37580.655
1616743.688,45120.102
1617534.703,37920.238
1618325.719,37547.04
1619116.734,36747.95
1619917.516,46531.414
1620728.062,35787.031
1621519.078,35283.424
1622310.094,38391.662
1623071.812,33789.209
1623862.828,39869.414
1624634.312,37507.25
1625425.328,35877.996
1626206.578,34693.36
1626978.062,40668.356
1627759.312,39687.808
1628560.094,48516.982
1629331.578,37870.959
1630122.594,36636.899
1630933.141,39611.844
1631724.156,30565.115
1632544.469,40536.171
1633335.484,32091.367
1634155.797,41226.018
1634956.578,37502.695
1635776.891,38535.163
1636636.266,30442.138
